data/cropped_nifti/00045_ct.nii.gz	-1023.0000610351562	1289.0000604949892
data/cropped_nifti/00078_ct.nii.gz	-1024.000015258789	1389.0000299550593
data/cropped_nifti/00275_ct.nii.gz	-1023.9999694824219	1571.9999688789248
data/cropped_nifti/00410_ct.nii.gz	-1024.000015258789	1486.0000146739185
data/cropped_nifti/00460_ct.nii.gz	-1021.0000152587891	1456.0000299401581
data/cropped_nifti/00525_ct.nii.gz	-1023.9999389648438	1542.9999536275864
data/cropped_nifti/00537_ct.nii.gz	-1018.0000152587891	1396.0000146962702
data/cropped_nifti/00595_ct.nii.gz	-1024.0000305175781	1565.000014655292
data/cropped_nifti/00623_ct.nii.gz	-1012.9999771118164	1213.999976594001
data/cropped_nifti/00635_ct.nii.gz	-1024.0	2465.9999686703086
data/cropped_nifti/00652_ct.nii.gz	-1024.000015258789	1502.0000146701932
data/cropped_nifti/00827_ct.nii.gz	-1024.0000457763672	1226.0000452511013
data/cropped_nifti/00854_ct.nii.gz	-1024.0000457763672	1321.0000604875386
data/cropped_nifti/00871_ct.nii.gz	-1024.0	3071.0000143051147
data/cropped_nifti/00880_ct.nii.gz	-1024.0	2382.0000297240913
data/cropped_nifti/00881_ct.nii.gz	-1023.9999847412109	1408.9999994337559
data/cropped_nifti/01017_ct.nii.gz	-1024.0	1487.9999994151294
data/cropped_nifti/01035_ct.nii.gz	-1024.0	2225.999968726188
data/cropped_nifti/01133_ct.nii.gz	-1024.0000305175781	1725.0000146180391
data/cropped_nifti/01153_ct.nii.gz	-999.0000305175781	1845.0000298544765
data/cropped_nifti/01237_ct.nii.gz	-1024.0	2684.000060170889
data/cropped_nifti/01281_ct.nii.gz	-1024.000015258789	1373.0000299587846
data/cropped_nifti/01355_ct.nii.gz	-1024.0	1808.9999840818346
data/cropped_nifti/01369_ct.nii.gz	-1023.9999389648438	2547.9999991692603
data/cropped_nifti/01550_ct.nii.gz	-1024.0	2879.0000143498182
data/cropped_nifti/01561_ct.nii.gz	-1024.0000457763672	1338.0000452250242
data/cropped_nifti/01583_ct.nii.gz	-1023.9999771118164	1218.9999765902758
data/cropped_nifti/01612_ct.nii.gz	-1024.0000610351562	2651.0000144019723
data/cropped_nifti/01626_ct.nii.gz	-1024.0000610351562	1673.0000451467931
data/cropped_nifti/01713_ct.nii.gz	-1024.0000305175781	1788.000029861927
data/cropped_nifti/01744_ct.nii.gz	-1024.0	3071.0000143051147
data/cropped_nifti/01804_ct.nii.gz	-1017.9999694824219	1449.9999689087272
data/cropped_nifti/01840_ct.nii.gz	-1023.9999542236328	1396.999968919903
data/cropped_nifti/01947_ct.nii.gz	-1024.0	3071.0000143051147
data/cropped_nifti/02012_ct.nii.gz	-1024.0000457763672	1338.0000452250242
data/cropped_nifti/02206_ct.nii.gz	-1024.0	1391.9999994374812
data/cropped_nifti/02277_ct.nii.gz	-1024.000015258789	1501.0000299289823
data/cropped_nifti/02311_ct.nii.gz	-1023.9999389648438	2707.9999991320074
data/cropped_nifti/02521_ct.nii.gz	-992.0	2524.0000602155924
data/cropped_nifti/02523_ct.nii.gz	-1024.0	1648.9999841190875
data/cropped_nifti/02544_ct.nii.gz	-1023.9999694824219	1698.9999841079116
data/cropped_nifti/02600_ct.nii.gz	-1019.9999847412109	1269.9999842084944
data/cropped_nifti/02798_ct.nii.gz	-1024.0000610351562	2297.000045001507
data/cropped_nifti/02915_ct.nii.gz	-1024.0	3070.000029563904
data/cropped_nifti/03124_ct.nii.gz	-1024.000015258789	1406.000014692545
data/cropped_nifti/03298_ct.nii.gz	-1024.000015258789	1438.0000146850944
data/cropped_nifti/03390_ct.nii.gz	-1024.000015258789	1437.0000299438834
data/cropped_nifti/03536_ct.nii.gz	-1023.9999694824219	1491.9999688975513
data/cropped_nifti/03567_ct.nii.gz	-1024.0	1647.0000146366656
data/cropped_nifti/03814_ct.nii.gz	-1023.9999694824219	1619.999968867749
data/cropped_nifti/03834_ct.nii.gz	-1023.9999389648438	1670.999953597784
data/cropped_nifti/03851_ct.nii.gz	-1024.0	2988.0000601001084
data/cropped_nifti/03866_ct.nii.gz	-1023.9999389648438	1637.9999688640237
data/cropped_nifti/03894_ct.nii.gz	-1023.9999542236328	1221.9999537020922
data/cropped_nifti/03943_ct.nii.gz	-1023.9999542236328	1253.9999536946416
data/cropped_nifti/03955_ct.nii.gz	-1023.9999389648438	2195.9999992512167
data/cropped_nifti/03968_ct.nii.gz	-1024.0000610351562	1592.0000604242086
data/cropped_nifti/04058_ct.nii.gz	-1024.0000305175781	1644.0000298954546
data/cropped_nifti/04212_ct.nii.gz	-1024.0000381469727	1259.0000376142561
data/cropped_nifti/04406_ct.nii.gz	-1024.0	2368.9999839514494
data/cropped_nifti/04440_ct.nii.gz	-1024.0	2877.0000448673964
data/cropped_nifti/04447_ct.nii.gz	-1023.9999542236328	1333.9999536760151
data/cropped_nifti/04470_ct.nii.gz	-1024.0	2222.000029761344
data/cropped_nifti/04696_ct.nii.gz	-1024.0000305175781	1642.0000604130328
data/cropped_nifti/04709_ct.nii.gz	-1023.9999694824219	1569.999999396503
data/cropped_nifti/04862_ct.nii.gz	-986.0000152587891	1092.0000147745013
data/cropped_nifti/05013_ct.nii.gz	-1024.0	1583.9999993927777
data/cropped_nifti/05133_ct.nii.gz	-1024.0	1599.0000146478415
data/cropped_nifti/05150_ct.nii.gz	-1024.0	3071.0000143051147
data/cropped_nifti/05228_ct.nii.gz	-1016.0	1319.0000147148967
data/cropped_nifti/05422_ct.nii.gz	-1024.0	3071.0000143051147
data/cropped_nifti/05477_ct.nii.gz	-1024.0	3071.0000143051147
data/cropped_nifti/05560_ct.nii.gz	-1024.0	1598.0000299066305
data/cropped_nifti/05588_ct.nii.gz	-1020.9999542236328	1288.999953687191
data/cropped_nifti/05602_ct.nii.gz	-1024.0	1215.9999994784594
data/cropped_nifti/05759_ct.nii.gz	-1024.0000610351562	1416.0000604651868
data/cropped_nifti/05978_ct.nii.gz	-1018.9999618530273	1177.9999613426626
data/cropped_nifti/06052_ct.nii.gz	-1024.0000305175781	1899.000045094639
data/cropped_nifti/06077_ct.nii.gz	-1024.0	1728.999984100461
data/cropped_nifti/06138_ct.nii.gz	-1023.9999389648438	2916.9999838247895
data/cropped_nifti/06196_ct.nii.gz	-992.9999542236328	1331.9999689422548
data/cropped_nifti/06202_ct.nii.gz	-1024.0	3071.0000143051147
data/cropped_nifti/06245_ct.nii.gz	-1024.0000305175781	1547.0000451765954
data/cropped_nifti/06275_ct.nii.gz	-1023.9999847412109	1488.9999994151294
data/cropped_nifti/06281_ct.nii.gz	-1024.0000610351562	1560.0000604316592
data/cropped_nifti/06363_ct.nii.gz	-1023.9999389648438	2278.999953456223
data/cropped_nifti/06506_ct.nii.gz	-1023.9999694824219	1604.9999536126852
data/cropped_nifti/06522_ct.nii.gz	-1023.9999694824219	1282.9999842047691
data/cropped_nifti/06523_ct.nii.gz	-1024.0	1599.0000146478415
data/cropped_nifti/06554_ct.nii.gz	-1024.0	2049.999968767166
data/cropped_nifti/06559_ct.nii.gz	-1024.0000305175781	2026.0000603236258
data/cropped_nifti/06608_ct.nii.gz	-1024.0000610351562	1432.0000604614615
data/cropped_nifti/06650_ct.nii.gz	-1024.0000610351562	2187.0000145100057
data/cropped_nifti/06739_ct.nii.gz	-1023.9999694824219	1668.999953597784
data/cropped_nifti/06827_ct.nii.gz	-1024.0	2942.000029593706
data/cropped_nifti/07038_ct.nii.gz	-1017.0000152587891	1380.0000299587846
data/cropped_nifti/07074_ct.nii.gz	-1024.000015258789	1437.0000299438834
data/cropped_nifti/07124_ct.nii.gz	-1024.0000305175781	1597.0000146478415
data/cropped_nifti/07153_ct.nii.gz	-1023.9999542236328	1364.9999689273536
data/cropped_nifti/07202_ct.nii.gz	-1024.0000610351562	1784.0000603795052
data/cropped_nifti/07231_ct.nii.gz	-1024.0000457763672	1529.0000604391098
data/cropped_nifti/07253_ct.nii.gz	-1024.0000457763672	1290.0000452362
data/cropped_nifti/07324_ct.nii.gz	-1024.0000305175781	1324.0000299699605
data/cropped_nifti/07336_ct.nii.gz	-1022.9999847412109	1281.9999994635582
data/cropped_nifti/07511_ct.nii.gz	-1024.0	1439.0000146850944
data/cropped_nifti/07515_ct.nii.gz	-1023.9999847412109	1361.9999841861427
data/cropped_nifti/07571_ct.nii.gz	-1024.0	1984.9999840408564
data/cropped_nifti/07768_ct.nii.gz	-1023.9999542236328	1477.9999536424875
data/cropped_nifti/07958_ct.nii.gz	-1023.9999389648438	1638.9999536052346
data/cropped_nifti/08041_ct.nii.gz	-1023.9999694824219	1411.9999689161777
data/cropped_nifti/08074_ct.nii.gz	-1023.9999847412109	1520.9999994076788
data/cropped_nifti/08133_ct.nii.gz	-1022.0000076293945	1233.0000071041286
data/cropped_nifti/08139_ct.nii.gz	-1024.0000305175781	1740.000029873103
data/cropped_nifti/08210_ct.nii.gz	-1023.9999542236328	1317.9999536797404
data/cropped_nifti/08546_ct.nii.gz	-1023.9999389648438	1462.9999536462128
data/cropped_nifti/08698_ct.nii.gz	-1024.0	2877.0000448673964
data/cropped_nifti/08745_ct.nii.gz	-1023.9999694824219	1604.9999536126852
data/cropped_nifti/08909_ct.nii.gz	-1024.0000305175781	1324.0000299699605
data/cropped_nifti/08950_ct.nii.gz	-1024.0	3071.0000143051147
data/cropped_nifti/09064_ct.nii.gz	-1024.0000457763672	1482.0000451914966
data/cropped_nifti/09154_ct.nii.gz	-1024.0000305175781	1372.0000299587846
data/cropped_nifti/09324_ct.nii.gz	-1024.0	1423.9999994300306
data/cropped_nifti/09600_ct.nii.gz	-1023.9999694824219	1634.9999841228127
data/cropped_nifti/09722_ct.nii.gz	-1024.0000305175781	1547.0000451765954
data/cropped_nifti/09817_ct.nii.gz	-1024.0	2863.0000143535435
data/cropped_nifti/09864_ct.nii.gz	-1024.0000305175781	1531.0000451803207
data/cropped_nifti/10066_ct.nii.gz	-1023.9999389648438	1654.9999536015093
data/cropped_nifti/10209_ct.nii.gz	-1024.0000305175781	1546.0000604353845
data/cropped_nifti/10251_ct.nii.gz	-1024.0	2194.9999534748495
data/cropped_nifti/10291_ct.nii.gz	-1024.0000610351562	1945.0000450834632
data/cropped_nifti/10309_ct.nii.gz	-1023.9999694824219	1586.9999841339886
data/cropped_nifti/10325_ct.nii.gz	-1023.9999389648438	3061.999968532473
data/cropped_nifti/10337_ct.nii.gz	-1023.9999694824219	1905.9999993182719
data/cropped_nifti/10342_ct.nii.gz	-1024.0	1663.9999993741512
data/cropped_nifti/10346_ct.nii.gz	-1024.0	3068.000060081482
data/cropped_nifti/10358_ct.nii.gz	-1024.0	3071.0000143051147
data/cropped_nifti/10423_ct.nii.gz	-1024.0000305175781	1595.0000451654196
data/cropped_nifti/10575_ct.nii.gz	-1024.0	3071.0000143051147
data/cropped_nifti/10660_ct.nii.gz	-1023.9999542236328	1525.9999536313117
data/cropped_nifti/10714_ct.nii.gz	-1024.0000381469727	1131.0000376440585
data/cropped_nifti/10724_ct.nii.gz	-1024.0	3071.0000143051147
data/cropped_nifti/10740_ct.nii.gz	-1024.0000610351562	1432.0000604614615
data/cropped_nifti/10888_ct.nii.gz	-1024.0000305175781	1772.0000298656523
data/cropped_nifti/10954_ct.nii.gz	-1024.0000305175781	1532.0000299215317
data/cropped_nifti/11030_ct.nii.gz	-1010.9999465942383	1187.9999460838735
data/cropped_nifti/11053_ct.nii.gz	-1024.0000228881836	1277.0000223517418
data/cropped_nifti/11207_ct.nii.gz	-1024.0000305175781	1371.0000452175736
data/cropped_nifti/11321_ct.nii.gz	-1024.0	2254.0000297538936
data/cropped_nifti/11347_ct.nii.gz	-1024.0	2721.999968610704
data/cropped_nifti/11355_ct.nii.gz	-1023.9999389648438	1606.9999536126852
data/cropped_nifti/11524_ct.nii.gz	-1024.0000610351562	1784.0000603795052
data/cropped_nifti/11556_ct.nii.gz	-1023.9999694824219	1636.9999536052346
data/cropped_nifti/11569_ct.nii.gz	-775.0	1288.9999995194376
data/cropped_nifti/11679_ct.nii.gz	-1024.0000305175781	1468.0000299364328
data/cropped_nifti/11783_ct.nii.gz	-1023.9999694824219	1620.99995360896
data/cropped_nifti/11878_ct.nii.gz	-1024.0	3071.0000143051147
data/cropped_nifti/11900_ct.nii.gz	-1023.9999694824219	1586.9999841339886
data/cropped_nifti/11990_ct.nii.gz	-1023.9999694824219	1603.9999688714743
data/cropped_nifti/12094_ct.nii.gz	-1023.9999542236328	1461.9999536462128
data/cropped_nifti/12186_ct.nii.gz	-1023.9999694824219	1761.9999993517995
data/cropped_nifti/12224_ct.nii.gz	-1023.9999694824219	1827.9999688193202
data/cropped_nifti/12314_ct.nii.gz	-1023.9999694824219	1620.99995360896
data/cropped_nifti/12319_ct.nii.gz	-1023.9999389648438	1654.9999536015093
data/cropped_nifti/12373_ct.nii.gz	-1024.0	3069.000044822693
data/cropped_nifti/12394_ct.nii.gz	-1024.0	3071.0000143051147
data/cropped_nifti/12434_ct.nii.gz	-1024.0000305175781	1629.0000146403909
data/cropped_nifti/12614_ct.nii.gz	-1024.000015258789	1469.0000299364328
data/cropped_nifti/12732_ct.nii.gz	-1024.000015258789	1469.0000299364328
data/cropped_nifti/12853_ct.nii.gz	-1023.9999847412109	1457.999984163791
data/cropped_nifti/12876_ct.nii.gz	-1023.9999694824219	1443.9999689087272
data/cropped_nifti/12950_ct.nii.gz	-1024.0000610351562	2795.0000143684447
data/cropped_nifti/13019_ct.nii.gz	-1024.0000305175781	1419.0000452063978
data/cropped_nifti/13056_ct.nii.gz	-1023.9999389648438	1318.9999536797404
data/cropped_nifti/13157_ct.nii.gz	-1024.0000610351562	1576.000060427934
data/cropped_nifti/13195_ct.nii.gz	-1022.9999847412109	1266.9999842084944
data/cropped_nifti/13201_ct.nii.gz	-1024.0	3071.0000143051147
data/cropped_nifti/13358_ct.nii.gz	-1024.0	1726.0000298768282
data/cropped_nifti/13362_ct.nii.gz	-1024.0	3071.0000143051147
data/cropped_nifti/13369_ct.nii.gz	-1023.9999847412109	1328.9999994523823
data/cropped_nifti/13425_ct.nii.gz	-1020.0000152587891	1234.0000147335231
data/cropped_nifti/13455_ct.nii.gz	-1022.9999771118164	1187.9999765977263
data/cropped_nifti/13537_ct.nii.gz	-1024.000015258789	1390.0000146962702
data/cropped_nifti/13553_ct.nii.gz	-1024.0000610351562	1624.000060416758
data/cropped_nifti/13657_ct.nii.gz	-1023.9999542236328	1300.9999689422548
data/cropped_nifti/13664_ct.nii.gz	-1024.0	2988.0000601001084
data/cropped_nifti/13672_ct.nii.gz	-1024.0	1471.0000146776438
data/cropped_nifti/13792_ct.nii.gz	-1024.0000305175781	1628.00002989918
data/cropped_nifti/13908_ct.nii.gz	-1024.0	3004.000060096383
data/cropped_nifti/14083_ct.nii.gz	-1024.0000305175781	1628.00002989918
data/cropped_nifti/14113_ct.nii.gz	-1023.9999694824219	1426.9999841712415
data/cropped_nifti/14347_ct.nii.gz	-1024.0	3071.0000143051147
data/cropped_nifti/14387_ct.nii.gz	-1023.9999389648438	2710.99995335564
data/cropped_nifti/14407_ct.nii.gz	-1023.9999389648438	2934.999953303486
data/cropped_nifti/14565_ct.nii.gz	-1024.0000457763672	1529.0000604391098
data/cropped_nifti/14639_ct.nii.gz	-1024.0	1887.9999993219972
data/cropped_nifti/14642_ct.nii.gz	-1023.9999694824219	1346.999984189868
data/cropped_nifti/15011_ct.nii.gz	-1023.9999694824219	1556.999953623861
data/cropped_nifti/15044_ct.nii.gz	-1023.9999694824219	1716.9999535866082
data/cropped_nifti/15162_ct.nii.gz	-1023.9999694824219	1569.999999396503
data/cropped_nifti/15188_ct.nii.gz	-1024.0000305175781	1627.000045157969
data/cropped_nifti/15204_ct.nii.gz	-1024.0	2625.9999686330557
data/cropped_nifti/15261_ct.nii.gz	-1024.0	1455.99999942258
data/cropped_nifti/15326_ct.nii.gz	-1024.0	2653.0000449195504
data/cropped_nifti/15508_ct.nii.gz	-1023.9999389648438	2132.9999840073287
data/cropped_nifti/15601_ct.nii.gz	-1022.9999847412109	1218.9999842196703
data/cropped_nifti/15609_ct.nii.gz	-1015.9999389648438	2942.999953303486
data/cropped_nifti/15631_ct.nii.gz	-1023.9999542236328	1397.999953661114
data/cropped_nifti/15724_ct.nii.gz	-1024.0000305175781	1596.0000299066305
data/cropped_nifti/15747_ct.nii.gz	-1024.0000610351562	1624.000060416758
data/cropped_nifti/15864_ct.nii.gz	-1024.0	3071.0000143051147
data/cropped_nifti/15967_ct.nii.gz	-1024.0	3071.0000143051147
data/cropped_nifti/15978_ct.nii.gz	-1024.0	1407.9999994337559
data/cropped_nifti/16056_ct.nii.gz	-1024.0	2622.000029668212
data/cropped_nifti/16356_ct.nii.gz	-1024.0	3071.0000143051147
data/cropped_nifti/16410_ct.nii.gz	-1024.0000610351562	1592.0000604242086
data/cropped_nifti/16507_ct.nii.gz	-1023.9999847412109	1265.9999842084944
data/cropped_nifti/16554_ct.nii.gz	-1024.0	1727.0000146180391
data/cropped_nifti/16558_ct.nii.gz	-1024.0000610351562	2203.0000145062804
data/cropped_nifti/16585_ct.nii.gz	-1024.0000305175781	1644.0000298954546
data/cropped_nifti/16644_ct.nii.gz	-1024.0	3071.0000143051147
data/cropped_nifti/16737_ct.nii.gz	-1024.0	3037.0000448301435
data/cropped_nifti/16860_ct.nii.gz	-1024.0000457763672	1401.0000604689121
data/cropped_nifti/17064_ct.nii.gz	-1024.0	2974.0000295862556
data/cropped_nifti/17248_ct.nii.gz	-1024.0	3071.0000143051147
data/cropped_nifti/17266_ct.nii.gz	-912.0	3071.000014331192
data/cropped_nifti/17406_ct.nii.gz	-1024.0	1647.0000146366656
data/cropped_nifti/17447_ct.nii.gz	-1024.0000610351562	2744.0000601559877
data/cropped_nifti/17478_ct.nii.gz	-1023.9999694824219	1395.999968919903
data/cropped_nifti/17559_ct.nii.gz	-1024.0000610351562	2923.0000143386424
data/cropped_nifti/17606_ct.nii.gz	-1024.0000610351562	2696.0000601671636
data/cropped_nifti/17608_ct.nii.gz	-1024.0	3068.000060081482
data/cropped_nifti/17752_ct.nii.gz	-1023.9999389648438	1750.9999535791576
data/cropped_nifti/17900_ct.nii.gz	-1024.0	2751.0000143796206
data/cropped_nifti/18030_ct.nii.gz	-1024.0	1407.000014692545
data/cropped_nifti/18126_ct.nii.gz	-1023.9999694824219	1362.9999841861427
data/cropped_nifti/18180_ct.nii.gz	-1023.9999694824219	1684.9999535940588
data/cropped_nifti/18319_ct.nii.gz	-1023.9999694824219	2003.999968778342
data/cropped_nifti/18516_ct.nii.gz	-1009.0000305175781	1593.000060427934
data/cropped_nifti/18661_ct.nii.gz	-1024.0000610351562	2347.000014472753
data/cropped_nifti/18693_ct.nii.gz	-1023.9999694824219	1475.9999689012766
data/cropped_nifti/18880_ct.nii.gz	-1023.9999389648438	2853.9999685809016
data/cropped_nifti/19068_ct.nii.gz	-1024.0	3071.0000143051147
data/cropped_nifti/19113_ct.nii.gz	-1024.0000305175781	1547.0000451765954
data/cropped_nifti/19224_ct.nii.gz	-1024.0	3071.0000143051147
data/cropped_nifti/19256_ct.nii.gz	-1023.9999542236328	1364.9999689273536
data/cropped_nifti/19437_ct.nii.gz	-1023.9999389648438	2518.9999534003437
data/cropped_nifti/19506_ct.nii.gz	-1023.9999694824219	1554.9999841414392
data/cropped_nifti/19570_ct.nii.gz	-1024.0000305175781	1708.0000298805535
data/cropped_nifti/19612_ct.nii.gz	-1024.0000305175781	1499.0000451877713
data/cropped_nifti/19657_ct.nii.gz	-1024.000015258789	1453.0000299401581
data/cropped_nifti/19690_ct.nii.gz	-1021.0000152587891	1281.0000147223473
data/cropped_nifti/19704_ct.nii.gz	-1024.0	1199.9999994821846
data/cropped_nifti/19733_ct.nii.gz	-1023.9999694824219	1602.9999841302633
data/cropped_nifti/19765_ct.nii.gz	-1023.9999694824219	1714.9999841041863
data/cropped_nifti/19824_ct.nii.gz	-1022.9999542236328	1302.9999536834657
data/cropped_nifti/19843_ct.nii.gz	-1023.9999465942383	1222.9999460726976
data/cropped_nifti/20017_ct.nii.gz	-1023.9999694824219	1475.9999689012766
data/cropped_nifti/20132_ct.nii.gz	-1023.9999389648438	1302.9999536834657
data/cropped_nifti/20166_ct.nii.gz	-1023.9999389648438	2710.99995335564
data/cropped_nifti/20419_ct.nii.gz	-1024.0000305175781	1660.0000298917294
data/cropped_nifti/20435_ct.nii.gz	-1024.0	1343.999999448657
data/cropped_nifti/20441_ct.nii.gz	-1024.0000457763672	1481.0000604502857
data/cropped_nifti/20466_ct.nii.gz	-1024.0000457763672	1354.000045221299
data/cropped_nifti/20580_ct.nii.gz	-1024.0	1584.9999841339886
data/cropped_nifti/20644_ct.nii.gz	-1024.0	1487.0000146739185
data/cropped_nifti/20732_ct.nii.gz	-1023.9999389648438	2580.9999839030206
data/cropped_nifti/20778_ct.nii.gz	-1024.0	3071.0000143051147
data/cropped_nifti/20827_ct.nii.gz	-1023.9999694824219	1363.9999689273536
data/cropped_nifti/20837_ct.nii.gz	-1024.0	1600.9999841302633
data/cropped_nifti/20995_ct.nii.gz	-1024.0	1982.0000298172235
data/cropped_nifti/21044_ct.nii.gz	-1023.9999542236328	1332.9999689348042
data/cropped_nifti/21085_ct.nii.gz	-1023.9999847412109	1472.9999994188547
data/cropped_nifti/21135_ct.nii.gz	-1023.9999389648438	1973.9999687857926
data/cropped_nifti/21211_ct.nii.gz	-1024.0	3071.0000143051147
data/cropped_nifti/21442_ct.nii.gz	-1024.0000457763672	1417.0000604651868
data/cropped_nifti/21465_ct.nii.gz	-1024.0000305175781	1741.0000146143138
data/cropped_nifti/21466_ct.nii.gz	-1024.0000610351562	1512.000060442835
data/cropped_nifti/21642_ct.nii.gz	-1024.0	3071.0000143051147
data/cropped_nifti/21706_ct.nii.gz	-1024.0	3071.0000143051147
data/cropped_nifti/21889_ct.nii.gz	-1024.0000305175781	1516.000029925257
data/cropped_nifti/21935_ct.nii.gz	-1024.0000610351562	1625.000045157969
data/cropped_nifti/21970_ct.nii.gz	-1024.0000610351562	2714.00002964586
data/cropped_nifti/21975_ct.nii.gz	-1024.0000610351562	2618.000029668212
data/cropped_nifti/21984_ct.nii.gz	-1024.0000305175781	1690.000060401857
data/cropped_nifti/22029_ct.nii.gz	-1023.9999694824219	1603.9999688714743
data/cropped_nifti/22050_ct.nii.gz	-1024.0000305175781	1547.0000451765954
data/cropped_nifti/22090_ct.nii.gz	-1023.9999389648438	1541.9999688863754
data/cropped_nifti/22147_ct.nii.gz	-1024.0000305175781	1483.0000451914966
data/cropped_nifti/22267_ct.nii.gz	-1024.0	1503.0000146701932
data/cropped_nifti/22431_ct.nii.gz	-1024.000015258789	1486.0000146739185
data/cropped_nifti/22472_ct.nii.gz	-1024.0	1455.000014681369
data/cropped_nifti/22580_ct.nii.gz	-1023.9999923706055	1264.999991837889
data/cropped_nifti/22614_ct.nii.gz	-1024.0000305175781	1819.0000451132655
data/cropped_nifti/22674_ct.nii.gz	-1024.0000610351562	1577.0000451691449
data/cropped_nifti/22696_ct.nii.gz	-1024.000015258789	1533.0000299215317
data/cropped_nifti/22706_ct.nii.gz	-1023.9999389648438	3061.999968532473
data/cropped_nifti/22723_ct.nii.gz	-1023.9999389648438	1526.9999536313117
data/cropped_nifti/22921_ct.nii.gz	-1024.0	3071.0000143051147
data/cropped_nifti/22924_ct.nii.gz	-1023.9999542236328	1492.9999688975513
data/cropped_nifti/23018_ct.nii.gz	-1024.000015258789	1533.0000299215317
data/cropped_nifti/23065_ct.nii.gz	-1024.0	3071.0000143051147
data/cropped_nifti/23304_ct.nii.gz	-1023.9999389648438	2996.999983806163
data/cropped_nifti/23325_ct.nii.gz	-1024.0000610351562	1705.0000451393425
data/cropped_nifti/23371_ct.nii.gz	-1023.9999694824219	1330.9999841935933
data/cropped_nifti/23386_ct.nii.gz	-1023.0000457763672	1290.0000604949892
data/cropped_nifti/23411_ct.nii.gz	-1023.9999694824219	1716.9999535866082
data/cropped_nifti/23412_ct.nii.gz	-1024.0	1375.0000146999955
data/cropped_nifti/23418_ct.nii.gz	-1024.0	3071.0000143051147
data/cropped_nifti/23442_ct.nii.gz	-1024.0	3071.0000143051147
data/cropped_nifti/23497_ct.nii.gz	-1024.0000076293945	1279.0000070929527
data/cropped_nifti/23561_ct.nii.gz	-1024.0000305175781	1436.0000299438834
data/cropped_nifti/23707_ct.nii.gz	-1022.0000305175781	1325.0000452287495
data/cropped_nifti/23719_ct.nii.gz	-1024.0000305175781	1692.0000298842788
data/cropped_nifti/23734_ct.nii.gz	-1024.000015258789	1438.0000146850944
data/cropped_nifti/23829_ct.nii.gz	-1024.0000610351562	1720.0000603944063
data/cropped_nifti/23965_ct.nii.gz	-1023.9999847412109	1489.9999841563404
data/cropped_nifti/23981_ct.nii.gz	-1024.0000305175781	1500.0000299289823
data/cropped_nifti/24257_ct.nii.gz	-1023.9999694824219	1556.999953623861
data/cropped_nifti/24283_ct.nii.gz	-1024.0000305175781	1755.0000451281667
data/cropped_nifti/24344_ct.nii.gz	-1024.0	1679.999999370426
data/cropped_nifti/24365_ct.nii.gz	-1024.0	3071.0000143051147
data/cropped_nifti/24366_ct.nii.gz	-1023.9999389648438	3059.999999050051
data/cropped_nifti/24795_ct.nii.gz	-1023.9999694824219	2036.9999535121024
data/cropped_nifti/24808_ct.nii.gz	-1023.9999847412109	1361.9999841861427
data/cropped_nifti/24841_ct.nii.gz	-1024.0	1279.9999994635582
data/cropped_nifti/24904_ct.nii.gz	-1024.0	3071.0000143051147
data/cropped_nifti/24987_ct.nii.gz	-1024.0000305175781	1404.000029951334
data/cropped_nifti/25033_ct.nii.gz	-1024.000015258789	1421.0000299476087
data/cropped_nifti/25051_ct.nii.gz	-1023.9999694824219	1635.9999688640237
data/cropped_nifti/25062_ct.nii.gz	-1023.9999694824219	1618.999984126538
data/cropped_nifti/25093_ct.nii.gz	-1024.0	2413.00004497543
data/cropped_nifti/25100_ct.nii.gz	-1023.9999694824219	1442.9999841675162
data/cropped_nifti/25242_ct.nii.gz	-1024.0000457763672	1386.0000452138484
data/cropped_nifti/25243_ct.nii.gz	-1023.9999694824219	1875.9999688081443
data/cropped_nifti/25455_ct.nii.gz	-1024.0	1614.0000299029052
data/cropped_nifti/25462_ct.nii.gz	-1024.0	2432.9999839365482
data/cropped_nifti/25527_ct.nii.gz	-1024.0	1471.9999994188547
data/cropped_nifti/25774_ct.nii.gz	-1015.0000457763672	1219.0000452548265
data/cropped_nifti/25889_ct.nii.gz	-1024.0	1599.9999993890524
data/cropped_nifti/25964_ct.nii.gz	-1023.9999389648438	1446.999953649938
data/cropped_nifti/26091_ct.nii.gz	-1023.9999694824219	1700.9999535903335
data/cropped_nifti/26184_ct.nii.gz	-1024.0000610351562	1576.000060427934
data/cropped_nifti/26291_ct.nii.gz	-1024.0	1663.9999993741512
data/cropped_nifti/26349_ct.nii.gz	-1023.9999542236328	1413.9999536573887
data/cropped_nifti/26363_ct.nii.gz	-1024.0	3071.0000143051147
data/cropped_nifti/26420_ct.nii.gz	-1023.9999694824219	1586.9999841339886
data/cropped_nifti/26467_ct.nii.gz	-1024.0	3071.0000143051147
data/cropped_nifti/26602_ct.nii.gz	-1024.0000610351562	1464.000060454011
data/cropped_nifti/26707_ct.nii.gz	-1023.9999923706055	1200.9999918527901
data/cropped_nifti/26976_ct.nii.gz	-1024.0000610351562	1993.0000450722873
data/cropped_nifti/27024_ct.nii.gz	-1023.9999847412109	1392.9999994374812
data/cropped_nifti/27045_ct.nii.gz	-1023.9999542236328	1380.9999689236283
data/cropped_nifti/27053_ct.nii.gz	-1024.0	1503.0000146701932
data/cropped_nifti/27079_ct.nii.gz	-1024.0	2381.0000449828804
data/cropped_nifti/27098_ct.nii.gz	-1024.0	3071.0000143051147
data/cropped_nifti/27165_ct.nii.gz	-1023.9999694824219	1410.9999841749668
data/cropped_nifti/27204_ct.nii.gz	-1024.0	3071.0000143051147
data/cropped_nifti/27406_ct.nii.gz	-1023.9999694824219	1394.999984178692
data/cropped_nifti/27511_ct.nii.gz	-1024.0	1471.0000146776438
data/cropped_nifti/27598_ct.nii.gz	-1023.9999694824219	1940.999953534454
data/cropped_nifti/27640_ct.nii.gz	-1023.9999542236328	1413.9999536573887
data/cropped_nifti/27728_ct.nii.gz	-1015.9999771118164	1242.9999765865505
data/cropped_nifti/27984_ct.nii.gz	-1023.9999694824219	1314.9999841973186
data/cropped_nifti/28244_ct.nii.gz	-1023.9999694824219	1922.9999840557575
data/cropped_nifti/28273_ct.nii.gz	-1023.9999694824219	1556.999953623861
data/cropped_nifti/28479_ct.nii.gz	-1024.000015258789	1486.0000146739185
data/cropped_nifti/28655_ct.nii.gz	-1023.9999389648438	3028.9999837987125
data/cropped_nifti/28755_ct.nii.gz	-1024.0	2880.99998383224
data/cropped_nifti/28868_ct.nii.gz	-1020.0	1571.999999396503
data/cropped_nifti/28922_ct.nii.gz	-1024.0000305175781	1741.0000146143138
data/cropped_nifti/29017_ct.nii.gz	-1024.0000610351562	2394.000029720366
data/cropped_nifti/29101_ct.nii.gz	-1024.000015258789	1374.0000146999955
data/cropped_nifti/29105_ct.nii.gz	-1024.0000381469727	1243.0000376179814
data/cropped_nifti/29191_ct.nii.gz	-1024.0	2930.999953303486
data/cropped_nifti/29205_ct.nii.gz	-1023.9999694824219	1651.9999688602984
data/cropped_nifti/29207_ct.nii.gz	-1024.0	3071.0000143051147
data/cropped_nifti/29360_ct.nii.gz	-1024.0000305175781	1771.0000451244414
data/cropped_nifti/29534_ct.nii.gz	-1024.0	1391.0000146962702
data/cropped_nifti/29581_ct.nii.gz	-1023.9999389648438	1669.999968856573
data/cropped_nifti/29596_ct.nii.gz	-1023.9999694824219	1553.9999994002283
data/cropped_nifti/29651_ct.nii.gz	-1024.0000610351562	1928.0000603459775
data/cropped_nifti/29770_ct.nii.gz	-1024.0	3071.0000143051147
data/cropped_nifti/29802_ct.nii.gz	-1024.0	3071.0000143051147
data/cropped_nifti/29832_ct.nii.gz	-1024.0000610351562	3048.000060085207
data/cropped_nifti/29866_ct.nii.gz	-1023.9999389648438	1542.9999536275864
data/cropped_nifti/29868_ct.nii.gz	-1023.9999694824219	1331.9999689348042
data/cropped_nifti/30077_ct.nii.gz	-1024.0000305175781	1228.0000299923122
data/cropped_nifti/30082_ct.nii.gz	-1024.0000610351562	2298.0000297427177
data/cropped_nifti/30155_ct.nii.gz	-1023.9999542236328	1285.999953687191
data/cropped_nifti/30162_ct.nii.gz	-1023.9999389648438	2627.999999150634
data/cropped_nifti/30183_ct.nii.gz	-1023.9999694824219	1569.999999396503
data/cropped_nifti/30216_ct.nii.gz	-1023.9999389648438	2437.999968677759
data/cropped_nifti/30231_ct.nii.gz	-1024.0000305175781	1339.0000452250242
data/cropped_nifti/30273_ct.nii.gz	-1024.0000305175781	1578.000060427934
data/cropped_nifti/30304_ct.nii.gz	-1024.0000305175781	1708.0000298805535
data/cropped_nifti/30319_ct.nii.gz	-1024.0000610351562	1576.000060427934
data/cropped_nifti/30324_ct.nii.gz	-1024.0	1552.9999841414392
data/cropped_nifti/30440_ct.nii.gz	-1024.0000610351562	1208.0000605136156
data/cropped_nifti/30443_ct.nii.gz	-1024.000015258789	1502.0000146701932
data/cropped_nifti/30512_ct.nii.gz	-1023.9999694824219	1426.9999841712415
data/cropped_nifti/30603_ct.nii.gz	-1024.0	1599.9999993890524
data/cropped_nifti/30650_ct.nii.gz	-1024.0000457763672	1386.0000452138484
data/cropped_nifti/30791_ct.nii.gz	-1024.0000305175781	1436.0000299438834
data/cropped_nifti/30799_ct.nii.gz	-1024.0	2495.000014439225
data/cropped_nifti/30901_ct.nii.gz	-1024.0	1759.0000146105886
data/cropped_nifti/31062_ct.nii.gz	-1023.9999694824219	1299.9999689422548
data/cropped_nifti/31384_ct.nii.gz	-1024.0	2654.0000296607614
data/cropped_nifti/31463_ct.nii.gz	-1024.0000305175781	1645.0000146366656
data/cropped_nifti/31502_ct.nii.gz	-1021.9999389648438	1320.9999536797404
data/cropped_nifti/31513_ct.nii.gz	-1023.9999389648438	2068.99998402223
data/cropped_nifti/31592_ct.nii.gz	-1023.9999847412109	1504.9999994114041
data/cropped_nifti/31677_ct.nii.gz	-1024.0000305175781	1484.0000299327075
data/cropped_nifti/31706_ct.nii.gz	-1024.0	3071.0000143051147
data/cropped_nifti/31863_ct.nii.gz	-1024.0000305175781	1532.0000299215317
data/cropped_nifti/31875_ct.nii.gz	-1024.0000610351562	3067.0000143051147
data/cropped_nifti/31886_ct.nii.gz	-1024.0	1471.0000146776438
data/cropped_nifti/31932_ct.nii.gz	-1024.0	1856.9999840706587
data/cropped_nifti/32053_ct.nii.gz	-1023.9999389648438	2982.9999532923102
data/cropped_nifti/32120_ct.nii.gz	-1024.0	1822.0000298544765
data/cropped_nifti/32248_ct.nii.gz	-1024.0	3071.0000143051147
data/cropped_nifti/32260_ct.nii.gz	-1024.0	1599.0000146478415
data/cropped_nifti/32385_ct.nii.gz	-1024.0	1615.999999385327
data/cropped_nifti/32427_ct.nii.gz	-1024.0	2895.000014346093
data/cropped_nifti/32572_ct.nii.gz	-1023.9999694824219	1315.9999689385295
data/cropped_nifti/32957_ct.nii.gz	-1024.0	1343.999999448657
data/cropped_nifti/33120_ct.nii.gz	-1024.0	1696.9999841079116
data/cropped_nifti/33171_ct.nii.gz	-1024.0	2911.0000143423676
data/cropped_nifti/33210_ct.nii.gz	-1024.0	1519.9999994076788
data/cropped_nifti/33270_ct.nii.gz	-1024.0	1840.999984074384
data/cropped_nifti/33390_ct.nii.gz	-1024.0	3071.0000143051147
data/cropped_nifti/33498_ct.nii.gz	-1024.0	1711.0000146217644
data/cropped_nifti/33740_ct.nii.gz	-1023.9999542236328	1364.9999689273536
data/cropped_nifti/33757_ct.nii.gz	-1024.0	2991.000014323741
data/cropped_nifti/33759_ct.nii.gz	-1024.0	3042.999953277409
data/cropped_nifti/34043_ct.nii.gz	-1024.0000305175781	1547.0000451765954
data/cropped_nifti/34062_ct.nii.gz	-1023.9999389648438	2006.999953519553
data/cropped_nifti/34125_ct.nii.gz	-1024.0	3071.0000143051147
data/cropped_nifti/34141_ct.nii.gz	-1024.0	1615.0000146441162
data/cropped_nifti/34202_ct.nii.gz	-1024.0	2081.9999687597156
data/cropped_nifti/34257_ct.nii.gz	-1024.0000610351562	2824.0000601373613
data/cropped_nifti/34293_ct.nii.gz	-1016.0000381469727	1075.0000376589596
data/cropped_nifti/34519_ct.nii.gz	-1024.0	3070.000029563904
data/cropped_nifti/34564_ct.nii.gz	-1024.0	1215.9999994784594
data/cropped_nifti/34584_ct.nii.gz	-1024.0	1455.99999942258
data/cropped_nifti/34654_ct.nii.gz	-1024.0	3068.000060081482
data/cropped_nifti/34666_ct.nii.gz	-1024.0	1760.9999840930104
data/cropped_nifti/34765_ct.nii.gz	-1023.9999389648438	1574.9999536201358
data/cropped_nifti/34768_ct.nii.gz	-1023.9999389648438	2996.999983806163
data/cropped_nifti/34946_ct.nii.gz	-1024.0000305175781	1834.0000603683293
data/cropped_nifti/35164_ct.nii.gz	-1024.0	2671.000014398247
data/cropped_nifti/35215_ct.nii.gz	-1024.0	2958.000029589981
data/cropped_nifti/35265_ct.nii.gz	-1024.000015258789	1389.0000299550593
data/cropped_nifti/35267_ct.nii.gz	-1024.0	3071.0000143051147
data/cropped_nifti/35562_ct.nii.gz	-1024.0000457763672	1513.000060442835
data/cropped_nifti/35711_ct.nii.gz	-1023.9999694824219	1556.999953623861
data/cropped_nifti/35755_ct.nii.gz	-1023.9999694824219	1411.9999689161777
data/cropped_nifti/35876_ct.nii.gz	-1024.0	3071.0000143051147
data/cropped_nifti/35888_ct.nii.gz	-1024.0	3071.0000143051147
data/cropped_nifti/35897_ct.nii.gz	-1024.0000305175781	1594.0000604242086
data/cropped_nifti/36121_ct.nii.gz	-1024.0	3040.999983794987
data/cropped_nifti/36158_ct.nii.gz	-1024.0	3068.000060081482
data/cropped_nifti/36197_ct.nii.gz	-1024.0	2703.0000143907964
data/cropped_nifti/36226_ct.nii.gz	-1024.0	1631.9999993816018
data/cropped_nifti/36241_ct.nii.gz	-1024.0	3071.0000143051147
data/cropped_nifti/36259_ct.nii.gz	-1024.0000610351562	1480.0000604502857
data/cropped_nifti/36409_ct.nii.gz	-1024.0000457763672	1498.0000451877713
data/cropped_nifti/36530_ct.nii.gz	-1024.0	3071.0000143051147
data/cropped_nifti/36725_ct.nii.gz	-1014.0000305175781	1398.0000299550593
data/cropped_nifti/36758_ct.nii.gz	-1018.9999694824219	1431.9999841712415
data/cropped_nifti/36768_ct.nii.gz	-1023.9999694824219	1779.999968830496
data/cropped_nifti/36894_ct.nii.gz	-1024.0	2733.000044900924
data/cropped_nifti/37068_ct.nii.gz	-1023.9999389648438	2518.9999534003437
data/cropped_nifti/37205_ct.nii.gz	-1024.0	3071.0000143051147
data/cropped_nifti/37272_ct.nii.gz	-1024.0000305175781	1612.0000299029052
data/cropped_nifti/37404_ct.nii.gz	-1024.0000457763672	1369.0000604763627
data/cropped_nifti/37407_ct.nii.gz	-1024.0000610351562	1816.0000603720546
data/cropped_nifti/37426_ct.nii.gz	-1024.0	1535.9999994039536
data/cropped_nifti/37611_ct.nii.gz	-1024.0000610351562	2329.000044994056
data/cropped_nifti/37620_ct.nii.gz	-1024.0000610351562	2681.0000449121
data/cropped_nifti/37671_ct.nii.gz	-1024.0000610351562	1480.0000604502857
data/cropped_nifti/37737_ct.nii.gz	-1017.0000610351562	2690.0000143945217
data/cropped_nifti/37787_ct.nii.gz	-1024.0000457763672	1306.0000452324748
data/cropped_nifti/37855_ct.nii.gz	-1024.0000381469727	1067.0000376589596
data/cropped_nifti/38023_ct.nii.gz	-1024.0	1582.0000299103558
data/cropped_nifti/38232_ct.nii.gz	-1023.9999389648438	1334.9999536760151
data/cropped_nifti/38272_ct.nii.gz	-1023.9999694824219	1540.9999536275864
data/cropped_nifti/38293_ct.nii.gz	-1014.9999847412109	1402.999984178692
data/cropped_nifti/38367_ct.nii.gz	-1023.9999694824219	1442.9999841675162
data/cropped_nifti/38371_ct.nii.gz	-1023.9999389648438	2883.999999091029
data/cropped_nifti/38416_ct.nii.gz	-1024.0	3071.0000143051147
data/cropped_nifti/38511_ct.nii.gz	-1024.0	3071.0000143051147
data/cropped_nifti/38553_ct.nii.gz	-1023.9999694824219	1219.9999689608812
data/cropped_nifti/38626_ct.nii.gz	-1024.0	1391.0000146962702
data/cropped_nifti/38642_ct.nii.gz	-1023.9999847412109	1425.9999841712415
data/cropped_nifti/38683_ct.nii.gz	-1023.9999694824219	1251.9999689534307
data/cropped_nifti/38719_ct.nii.gz	-1024.0	3071.0000143051147
data/cropped_nifti/38742_ct.nii.gz	-1024.0	3071.0000143051147
data/cropped_nifti/38772_ct.nii.gz	-1024.0	2674.9999533630908
data/cropped_nifti/38784_ct.nii.gz	-1024.0000305175781	1292.000029977411
data/cropped_nifti/38896_ct.nii.gz	-1023.0000610351562	2987.0000295825303
data/cropped_nifti/39106_ct.nii.gz	-1014.0	3049.0000143125653
data/cropped_nifti/39272_ct.nii.gz	-1023.9999694824219	1556.999953623861
data/cropped_nifti/39299_ct.nii.gz	-1023.9999542236328	1460.9999689050019
data/cropped_nifti/39323_ct.nii.gz	-1024.0000534057617	1257.0000528730452
data/cropped_nifti/39391_ct.nii.gz	-1024.0	2625.9999686330557
data/cropped_nifti/39417_ct.nii.gz	-1024.0	1535.9999994039536
data/cropped_nifti/39489_ct.nii.gz	-1024.0	3071.0000143051147
data/cropped_nifti/39601_ct.nii.gz	-1024.0	3071.0000143051147
data/cropped_nifti/39623_ct.nii.gz	-1024.0	3071.0000143051147
data/cropped_nifti/39629_ct.nii.gz	-1024.0000305175781	1419.0000452063978
data/cropped_nifti/39710_ct.nii.gz	-1023.9999389648438	2148.9999840036035
data/cropped_nifti/39761_ct.nii.gz	-1022.0000457763672	1324.0000452287495
data/cropped_nifti/39818_ct.nii.gz	-1024.0	3071.0000143051147
data/cropped_nifti/39870_ct.nii.gz	-1022.9999694824219	1315.9999841973186
data/cropped_nifti/40010_ct.nii.gz	-1023.9999694824219	1793.999999344349
data/cropped_nifti/40074_ct.nii.gz	-1024.0	3071.0000143051147
data/cropped_nifti/40094_ct.nii.gz	-1024.0	1487.0000146739185
data/cropped_nifti/40271_ct.nii.gz	-1024.0000305175781	1642.0000604130328
data/cropped_nifti/40327_ct.nii.gz	-1024.0	1471.0000146776438
data/cropped_nifti/40470_ct.nii.gz	-1023.9999542236328	1493.9999536387622
data/cropped_nifti/40502_ct.nii.gz	-1024.0	1936.9999840520322
data/cropped_nifti/40577_ct.nii.gz	-1024.0000457763672	1353.000060480088
data/cropped_nifti/40580_ct.nii.gz	-1024.0000610351562	2280.000060264021
data/cropped_nifti/40944_ct.nii.gz	-1023.9999389648438	1606.9999536126852
data/cropped_nifti/41140_ct.nii.gz	-1023.9999542236328	1509.999953635037
data/cropped_nifti/41170_ct.nii.gz	-1021.0000610351562	3035.0000600889325
data/cropped_nifti/41201_ct.nii.gz	-1024.0	3070.000029563904
data/cropped_nifti/41214_ct.nii.gz	-1023.9999389648438	1653.9999688602984
data/cropped_nifti/41282_ct.nii.gz	-1023.9999694824219	1681.999999370426
data/cropped_nifti/41367_ct.nii.gz	-1024.0000305175781	1500.0000299289823
data/cropped_nifti/41477_ct.nii.gz	-1024.0	1327.9999994523823
data/cropped_nifti/41488_ct.nii.gz	-1023.9999847412109	1440.9999994263053
data/cropped_nifti/41538_ct.nii.gz	-1024.0	3071.0000143051147
data/cropped_nifti/41539_ct.nii.gz	-1022.0000305175781	1421.0000452063978
data/cropped_nifti/41542_ct.nii.gz	-1023.9999694824219	1636.9999536052346
data/cropped_nifti/41572_ct.nii.gz	-1024.0	3023.0000143162906
data/cropped_nifti/41787_ct.nii.gz	-1024.000015258789	1533.0000299215317
data/cropped_nifti/41858_ct.nii.gz	-1024.0000610351562	1593.0000451654196
data/cropped_nifti/41927_ct.nii.gz	-1024.0000305175781	1595.0000451654196
data/cropped_nifti/41980_ct.nii.gz	-1024.0000610351562	2216.0000602789223
data/cropped_nifti/41985_ct.nii.gz	-1024.0000610351562	3017.0000448338687
data/cropped_nifti/42011_ct.nii.gz	-1024.0	2862.0000296123326
data/cropped_nifti/42030_ct.nii.gz	-1024.0	3071.0000143051147
data/cropped_nifti/42182_ct.nii.gz	-1024.0000305175781	1659.0000451505184
data/cropped_nifti/42191_ct.nii.gz	-1023.9999694824219	1634.9999841228127
data/cropped_nifti/42200_ct.nii.gz	-1023.9999694824219	1651.9999688602984
data/cropped_nifti/42338_ct.nii.gz	-1024.000015258789	1341.0000299662352
data/cropped_nifti/42450_ct.nii.gz	-1024.0	3070.000029563904
data/cropped_nifti/42664_ct.nii.gz	-1023.9999542236328	1461.9999536462128
data/cropped_nifti/42841_ct.nii.gz	-1023.9999694824219	1282.9999842047691
data/cropped_nifti/42898_ct.nii.gz	-1024.0	1566.000029914081
data/cropped_nifti/43015_ct.nii.gz	-1023.9999542236328	1476.9999689012766
data/cropped_nifti/43046_ct.nii.gz	-1024.0000610351562	1544.0000604353845
data/cropped_nifti/43058_ct.nii.gz	-1024.0000305175781	1755.0000451281667
data/cropped_nifti/43197_ct.nii.gz	-1023.0000152587891	1342.0000299662352
data/cropped_nifti/43326_ct.nii.gz	-1024.0000610351562	1545.0000451765954
data/cropped_nifti/43447_ct.nii.gz	-1023.9999694824219	1585.9999993927777
data/cropped_nifti/43501_ct.nii.gz	-1024.0	1567.000014655292
data/cropped_nifti/43533_ct.nii.gz	-1023.9999389648438	1510.999953635037
data/cropped_nifti/43534_ct.nii.gz	-1024.000015258789	1405.000029951334
data/cropped_nifti/43537_ct.nii.gz	-1024.000015258789	1390.0000146962702
data/cropped_nifti/43610_ct.nii.gz	-1024.0	1615.999999385327
data/cropped_nifti/43655_ct.nii.gz	-1023.9999694824219	1522.9999841488898
data/cropped_nifti/43739_ct.nii.gz	-1023.9999389648438	1382.9999536648393
data/cropped_nifti/43899_ct.nii.gz	-1023.9999847412109	1265.9999842084944
data/cropped_nifti/43911_ct.nii.gz	-1023.9999694824219	1764.9999535754323
data/cropped_nifti/44072_ct.nii.gz	-1024.0	3071.0000143051147
data/cropped_nifti/44154_ct.nii.gz	-1024.0000610351562	2715.000014387071
data/cropped_nifti/44185_ct.nii.gz	-1024.0	1551.9999994002283
data/cropped_nifti/44319_ct.nii.gz	-1024.0000305175781	1340.0000299662352
data/cropped_nifti/44323_ct.nii.gz	-1023.9999847412109	1457.999984163791
data/cropped_nifti/44336_ct.nii.gz	-1019.0000305175781	1153.0000300109386
data/cropped_nifti/44354_ct.nii.gz	-1024.0	3071.0000143051147
data/cropped_nifti/44402_ct.nii.gz	-1022.0000152587891	1359.0000299625099
data/cropped_nifti/44432_ct.nii.gz	-1024.0	3042.999953277409
data/cropped_nifti/44793_ct.nii.gz	-1023.9999389648438	2981.9999685510993
data/cropped_nifti/44868_ct.nii.gz	-961.0	1214.9999994933605
data/cropped_nifti/44945_ct.nii.gz	-1023.9999389648438	1574.9999536201358
data/cropped_nifti/45010_ct.nii.gz	-1023.9999694824219	1572.9999536201358
data/cropped_nifti/45153_ct.nii.gz	-1023.9999847412109	1360.9999994449317
data/cropped_nifti/45155_ct.nii.gz	-1024.0000305175781	1884.0000298395753
data/cropped_nifti/45219_ct.nii.gz	-1024.0000457763672	1305.0000604912639
data/cropped_nifti/45337_ct.nii.gz	-1024.0000610351562	2363.0000144690275
data/cropped_nifti/45536_ct.nii.gz	-1024.0	1552.9999841414392
data/cropped_nifti/45577_ct.nii.gz	-1024.0000457763672	1417.0000604651868
data/cropped_nifti/45708_ct.nii.gz	-1023.9999542236328	1509.999953635037
data/cropped_nifti/45897_ct.nii.gz	-1024.0	3071.0000143051147
data/cropped_nifti/46018_ct.nii.gz	-1024.0000305175781	1629.0000146403909
data/cropped_nifti/46034_ct.nii.gz	-1021.0	3071.000060081482
data/cropped_nifti/46113_ct.nii.gz	-1023.9999694824219	1603.9999688714743
data/cropped_nifti/46312_ct.nii.gz	-1023.9999694824219	1283.99996894598
data/cropped_nifti/46318_ct.nii.gz	-1024.0000610351562	1560.0000604316592
data/cropped_nifti/46430_ct.nii.gz	-1023.9999694824219	1601.9999993890524
data/cropped_nifti/46458_ct.nii.gz	-1023.9999389648438	1590.9999536164105
data/cropped_nifti/46685_ct.nii.gz	-1024.0000305175781	1627.000045157969
data/cropped_nifti/46693_ct.nii.gz	-1023.9999389648438	2068.99998402223
data/cropped_nifti/46900_ct.nii.gz	-1019.0	3071.00009059906
data/cropped_nifti/46947_ct.nii.gz	-1023.9999389648438	1574.9999536201358
data/cropped_nifti/47030_ct.nii.gz	-1024.0	1822.0000298544765
data/cropped_nifti/47224_ct.nii.gz	-1024.0000305175781	1661.0000146329403
data/cropped_nifti/47339_ct.nii.gz	-1024.0000534057617	1257.0000528730452
data/cropped_nifti/47591_ct.nii.gz	-1024.000015258789	1502.0000146701932
data/cropped_nifti/47629_ct.nii.gz	-1023.9999542236328	1509.999953635037
data/cropped_nifti/47742_ct.nii.gz	-1024.0	3071.0000143051147
data/cropped_nifti/47829_ct.nii.gz	-1023.9999542236328	1525.9999536313117
data/cropped_nifti/47901_ct.nii.gz	-1024.0	2607.999999154359
data/cropped_nifti/48033_ct.nii.gz	-1023.9999542236328	1364.9999689273536
data/cropped_nifti/48051_ct.nii.gz	-1024.0	1583.9999993927777
data/cropped_nifti/48072_ct.nii.gz	-1023.9999389648438	2469.9999686703086
data/cropped_nifti/48139_ct.nii.gz	-1024.0	3071.0000143051147
data/cropped_nifti/48151_ct.nii.gz	-1023.9999389648438	2134.9999534897506
data/cropped_nifti/48378_ct.nii.gz	-1013.0000152587891	1432.0000299476087
data/cropped_nifti/48389_ct.nii.gz	-1024.0000305175781	1484.0000299327075
data/cropped_nifti/48403_ct.nii.gz	-1023.9999847412109	1473.9999841600657
data/cropped_nifti/48470_ct.nii.gz	-1024.000015258789	1486.0000146739185
data/cropped_nifti/48525_ct.nii.gz	-1023.9999389648438	1638.9999536052346
data/cropped_nifti/48568_ct.nii.gz	-1023.9999389648438	1574.9999536201358
data/cropped_nifti/48613_ct.nii.gz	-1024.0	1566.000029914081
data/cropped_nifti/48635_ct.nii.gz	-1024.0000305175781	1675.0000451467931
data/cropped_nifti/48674_ct.nii.gz	-1024.0	3071.0000143051147
data/cropped_nifti/48708_ct.nii.gz	-1024.0	3069.000044822693
data/cropped_nifti/48886_ct.nii.gz	-1024.0000610351562	1480.0000604502857
data/cropped_nifti/48951_ct.nii.gz	-1024.0000610351562	1753.0000451281667
data/cropped_nifti/48990_ct.nii.gz	-1023.9999389648438	2355.9999992139637
data/cropped_nifti/49125_ct.nii.gz	-1022.9999847412109	1409.9999994337559
data/cropped_nifti/49278_ct.nii.gz	-1024.0	1616.999984126538
data/cropped_nifti/49322_ct.nii.gz	-1024.0000305175781	1739.000045131892
data/cropped_nifti/49331_ct.nii.gz	-1024.0000610351562	1816.0000603720546
data/cropped_nifti/49354_ct.nii.gz	-1023.9999694824219	1905.9999993182719
data/cropped_nifti/49426_ct.nii.gz	-1023.9999542236328	1509.999953635037
data/cropped_nifti/49487_ct.nii.gz	-1023.9999389648438	2836.999983843416
data/cropped_nifti/49533_ct.nii.gz	-1024.0	2016.9999840334058
data/cropped_nifti/49560_ct.nii.gz	-1024.0	2256.9999839775264
data/cropped_nifti/49576_ct.nii.gz	-1023.9999542236328	1476.9999689012766
data/cropped_nifti/49808_ct.nii.gz	-1023.9999694824219	1571.9999688789248
data/cropped_nifti/49858_ct.nii.gz	-1024.0000305175781	1436.0000299438834
data/cropped_nifti/49911_ct.nii.gz	-1024.0000610351562	1336.0000604838133
data/cropped_nifti/49921_ct.nii.gz	-1023.9999694824219	1491.9999688975513
data/cropped_nifti/49952_ct.nii.gz	-1023.9999389648438	3044.999983794987
data/cropped_nifti/50096_ct.nii.gz	-1024.0	1552.9999841414392
data/cropped_nifti/50098_ct.nii.gz	-1024.0	3071.0000143051147
data/cropped_nifti/50156_ct.nii.gz	-1023.9999389648438	2163.9999992586672
data/cropped_nifti/50182_ct.nii.gz	-1023.9999694824219	1729.99999935925
data/cropped_nifti/50192_ct.nii.gz	-1024.0	1567.000014655292
data/cropped_nifti/50211_ct.nii.gz	-1024.0000610351562	1528.0000604391098
data/cropped_nifti/50260_ct.nii.gz	-1024.0	2065.999968763441
data/cropped_nifti/50297_ct.nii.gz	-1023.9999847412109	1360.9999994449317
data/cropped_nifti/50308_ct.nii.gz	-1024.0	1615.0000146441162
data/cropped_nifti/50343_ct.nii.gz	-1024.0000305175781	2010.000060327351
data/cropped_nifti/50362_ct.nii.gz	-1024.0000305175781	1627.000045157969
data/cropped_nifti/50491_ct.nii.gz	-1023.9999389648438	2822.999953329563
data/cropped_nifti/50579_ct.nii.gz	-1024.0	3071.0000143051147
data/cropped_nifti/50813_ct.nii.gz	-1023.9999389648438	1478.9999536424875
data/cropped_nifti/50839_ct.nii.gz	-1023.9999694824219	1506.999984152615
data/cropped_nifti/50946_ct.nii.gz	-1024.0000305175781	1451.0000451989472
data/cropped_nifti/50982_ct.nii.gz	-1023.9999542236328	1269.9999536909163
data/cropped_nifti/51105_ct.nii.gz	-1024.0	2540.0000602044165
data/cropped_nifti/51183_ct.nii.gz	-1023.9999542236328	1509.999953635037
data/cropped_nifti/51296_ct.nii.gz	-1023.9999389648438	2196.9999839924276
data/cropped_nifti/51384_ct.nii.gz	-1020.9999537467957	1032.9999542236328
data/cropped_nifti/51417_ct.nii.gz	-1024.0	1566.000029914081
data/cropped_nifti/51422_ct.nii.gz	-1024.0000305175781	1452.0000299401581
data/cropped_nifti/51480_ct.nii.gz	-1024.0000305175781	1516.000029925257
data/cropped_nifti/51552_ct.nii.gz	-1024.0	2322.999953445047
data/cropped_nifti/51557_ct.nii.gz	-1017.0000228881836	1188.0000223740935
data/cropped_nifti/51672_ct.nii.gz	-1024.000015258789	1373.0000299587846
data/cropped_nifti/51796_ct.nii.gz	-1024.0	3071.0000143051147
data/cropped_nifti/51800_ct.nii.gz	-1023.9999694824219	1571.9999688789248
data/cropped_nifti/51850_ct.nii.gz	-1023.9999694824219	1730.999984100461
data/cropped_nifti/51954_ct.nii.gz	-1023.9999694824219	1812.9999535642564
data/cropped_nifti/51998_ct.nii.gz	-1024.000015258789	1453.0000299401581
data/cropped_nifti/52034_ct.nii.gz	-1023.9999389648438	2931.9999990798533
data/cropped_nifti/52095_ct.nii.gz	-1023.9999389648438	1542.9999536275864
data/cropped_nifti/52132_ct.nii.gz	-1024.0	2047.9999992847443
data/cropped_nifti/52236_ct.nii.gz	-1024.0000305175781	2043.0000450611115
data/cropped_nifti/52366_ct.nii.gz	-1023.9999694824219	1668.999953597784
data/cropped_nifti/52380_ct.nii.gz	-1023.9999542236328	1348.999968931079
data/cropped_nifti/52630_ct.nii.gz	-1024.0	1662.0000298917294
data/cropped_nifti/52694_ct.nii.gz	-1018.0000457763672	1360.000045221299
data/cropped_nifti/52731_ct.nii.gz	-1024.0000610351562	2760.0000601522624
data/cropped_nifti/52845_ct.nii.gz	-1024.0000305175781	1597.0000146478415
data/cropped_nifti/52942_ct.nii.gz	-1023.9999694824219	1618.999984126538
data/cropped_nifti/53109_ct.nii.gz	-1024.0000305175781	1356.0000299625099
data/cropped_nifti/53282_ct.nii.gz	-1023.9999389648438	2499.999999180436
data/cropped_nifti/53295_ct.nii.gz	-1023.9999389648438	2821.999968588352
data/cropped_nifti/53347_ct.nii.gz	-1024.0000610351562	1625.000045157969
data/cropped_nifti/53517_ct.nii.gz	-1023.9999694824219	1665.9999993741512
data/cropped_nifti/53833_ct.nii.gz	-1024.0	3069.000044822693
data/cropped_nifti/54054_ct.nii.gz	-1024.0000305175781	1707.0000451393425
data/cropped_nifti/54224_ct.nii.gz	-1023.9999389648438	1366.9999536685646
data/cropped_nifti/54269_ct.nii.gz	-1024.0	2782.000029630959
data/cropped_nifti/54320_ct.nii.gz	-1022.0000305175781	1660.0000604093075
data/cropped_nifti/54354_ct.nii.gz	-1023.9999618530273	1268.9999613203108
data/cropped_nifti/54409_ct.nii.gz	-1024.0	3071.0000143051147
data/cropped_nifti/54488_ct.nii.gz	-1023.9999389648438	3044.999983794987
data/cropped_nifti/54557_ct.nii.gz	-1024.0	1583.9999993927777
data/cropped_nifti/54601_ct.nii.gz	-1024.0000610351562	2747.0000143796206
data/cropped_nifti/54605_ct.nii.gz	-1024.0000610351562	2393.000044979155
data/cropped_nifti/54664_ct.nii.gz	-1023.9999694824219	1682.9999841116369
data/cropped_nifti/54837_ct.nii.gz	-1023.9999694824219	1652.9999536015093
data/cropped_nifti/54935_ct.nii.gz	-1024.0	3071.0000143051147
data/cropped_nifti/55034_ct.nii.gz	-1023.9999389648438	2756.9999838620424
data/cropped_nifti/55036_ct.nii.gz	-1023.9999389648438	2643.9999991469085
data/cropped_nifti/55044_ct.nii.gz	-1024.0	1775.9999993480742
data/cropped_nifti/55194_ct.nii.gz	-1024.0	2444.0000602267683
data/cropped_nifti/55428_ct.nii.gz	-1023.9999389648438	2949.99996855855
data/cropped_nifti/55527_ct.nii.gz	-1023.9999847412109	1376.9999994412065
data/cropped_nifti/55561_ct.nii.gz	-1023.9999389648438	1734.9999535828829
data/cropped_nifti/55696_ct.nii.gz	-1023.9999694824219	1666.9999841153622
data/cropped_nifti/55773_ct.nii.gz	-1024.0	1951.000014565885
data/cropped_nifti/55795_ct.nii.gz	-1023.9999694824219	2002.999984037131
data/cropped_nifti/56009_ct.nii.gz	-1023.9999389648438	2822.999953329563
data/cropped_nifti/56026_ct.nii.gz	-1023.9999389648438	2323.9999992214143
data/cropped_nifti/56027_ct.nii.gz	-1024.0	1695.0000146254897
data/cropped_nifti/56380_ct.nii.gz	-1023.9999542236328	1444.9999689087272
data/cropped_nifti/56388_ct.nii.gz	-1024.0000305175781	1629.0000146403909
data/cropped_nifti/56391_ct.nii.gz	-1024.0000457763672	1386.0000452138484
data/cropped_nifti/56405_ct.nii.gz	-1020.9999389648438	2375.9999839514494
data/cropped_nifti/56436_ct.nii.gz	-1024.0	1710.0000298805535
data/cropped_nifti/56491_ct.nii.gz	-1023.9999389648438	3011.999999061227
data/cropped_nifti/56633_ct.nii.gz	-1024.0	2801.9999685920775
data/cropped_nifti/56859_ct.nii.gz	-1023.9999694824219	1652.9999536015093
data/cropped_nifti/56890_ct.nii.gz	-1023.9999694824219	1474.9999841600657
data/cropped_nifti/56983_ct.nii.gz	-1023.9999389648438	2563.999999165535
data/cropped_nifti/57041_ct.nii.gz	-1023.9999694824219	1746.9999840967357
data/cropped_nifti/57066_ct.nii.gz	-1024.0	1503.9999994114041
data/cropped_nifti/57095_ct.nii.gz	-1023.9999847412109	1361.9999841861427
data/cropped_nifti/57275_ct.nii.gz	-1024.0	1567.999999396503
data/cropped_nifti/57286_ct.nii.gz	-1023.9999389648438	1510.999953635037
data/cropped_nifti/57414_ct.nii.gz	-1024.0000610351562	1545.0000451765954
data/cropped_nifti/57422_ct.nii.gz	-1024.0	1247.9999994710088
data/cropped_nifti/57594_ct.nii.gz	-1024.0000610351562	1336.0000604838133
data/cropped_nifti/57795_ct.nii.gz	-1023.9999542236328	1380.9999689236283
data/cropped_nifti/58120_ct.nii.gz	-1023.9999847412109	1424.9999994300306
data/cropped_nifti/58292_ct.nii.gz	-1023.9999847412109	1329.9999841935933
data/cropped_nifti/58325_ct.nii.gz	-1024.0	2962.9999532960355
data/cropped_nifti/58503_ct.nii.gz	-1023.9999847412109	1328.9999994523823
data/cropped_nifti/58533_ct.nii.gz	-1024.0000305175781	1371.0000452175736
data/cropped_nifti/58652_ct.nii.gz	-1024.0	2716.0000601634383
data/cropped_nifti/58745_ct.nii.gz	-1024.0000610351562	2522.0000296905637
data/cropped_nifti/58755_ct.nii.gz	-1024.0000610351562	1625.000045157969
data/cropped_nifti/58987_ct.nii.gz	-1023.9999694824219	1379.9999689236283
data/cropped_nifti/59032_ct.nii.gz	-1024.0000610351562	1368.0000604763627
data/cropped_nifti/59149_ct.nii.gz	-1024.0	3071.0000143051147
data/cropped_nifti/59200_ct.nii.gz	-1023.9999694824219	1540.9999536275864
data/cropped_nifti/59224_ct.nii.gz	-1023.9999694824219	1346.999984189868
data/cropped_nifti/59230_ct.nii.gz	-1024.0000305175781	1629.0000146403909
data/cropped_nifti/59349_ct.nii.gz	-1024.0	2669.000044915825
data/cropped_nifti/59519_ct.nii.gz	-1024.0	3070.000029563904
data/cropped_nifti/59539_ct.nii.gz	-1024.0000610351562	1528.0000604391098
data/cropped_nifti/59590_ct.nii.gz	-1022.9999542236328	1270.9999536909163
data/cropped_nifti/59942_ct.nii.gz	-1024.0000610351562	2376.0000602416694
data/cropped_nifti/60072_ct.nii.gz	-1023.0	3071.000029563904
data/cropped_nifti/60267_ct.nii.gz	-1024.0	1631.9999993816018
data/cropped_nifti/60278_ct.nii.gz	-1024.0000610351562	1608.0000604204834
data/cropped_nifti/60301_ct.nii.gz	-1024.0000457763672	1370.0000452175736
data/cropped_nifti/60476_ct.nii.gz	-1024.0	1615.0000146441162
data/cropped_nifti/60736_ct.nii.gz	-1024.0	3071.0000143051147
data/cropped_nifti/60825_ct.nii.gz	-1024.0000305175781	1643.0000451542437
data/cropped_nifti/60828_ct.nii.gz	-1023.9999694824219	1602.9999841302633
data/cropped_nifti/60885_ct.nii.gz	-1024.0000305175781	1339.0000452250242
data/cropped_nifti/60933_ct.nii.gz	-1024.0	2946.999953299761
data/cropped_nifti/61024_ct.nii.gz	-1024.0	2158.0000297762454
data/cropped_nifti/61069_ct.nii.gz	-1024.0	1568.999984137714
data/cropped_nifti/61166_ct.nii.gz	-1023.0000152587891	1311.0000147148967
data/cropped_nifti/61503_ct.nii.gz	-1024.000015258789	1517.000029925257
data/cropped_nifti/61694_ct.nii.gz	-1024.0000305175781	1675.0000451467931
data/cropped_nifti/61727_ct.nii.gz	-1024.0000305175781	1596.0000299066305
data/cropped_nifti/61729_ct.nii.gz	-1023.0	3071.000029563904
data/cropped_nifti/61740_ct.nii.gz	-1024.0000610351562	1464.000060454011
data/cropped_nifti/61788_ct.nii.gz	-1024.0	2352.9999839551747
data/cropped_nifti/61919_ct.nii.gz	-1021.9999389648438	3014.999983802438
data/cropped_nifti/61980_ct.nii.gz	-1023.9999389648438	2853.9999685809016
data/cropped_nifti/62133_ct.nii.gz	-1023.9999847412109	1361.9999841861427
data/cropped_nifti/62156_ct.nii.gz	-1024.0000305175781	1626.000060416758
data/cropped_nifti/62165_ct.nii.gz	-1023.9999389648438	2070.999953504652
data/cropped_nifti/62184_ct.nii.gz	-1024.0000305175781	1563.0000451728702
data/cropped_nifti/62383_ct.nii.gz	-1024.0000610351562	2826.000029619783
data/cropped_nifti/62398_ct.nii.gz	-1023.9999542236328	1317.9999536797404
data/cropped_nifti/62588_ct.nii.gz	-1023.9999389648438	1414.9999536573887
data/cropped_nifti/62591_ct.nii.gz	-1024.0	3071.0000143051147
data/cropped_nifti/62596_ct.nii.gz	-1024.0000305175781	1532.0000299215317
data/cropped_nifti/62632_ct.nii.gz	-1023.9999923706055	1264.999991837889
data/cropped_nifti/62686_ct.nii.gz	-1023.9999389648438	1813.9999688230455
data/cropped_nifti/62875_ct.nii.gz	-1023.9999389648438	1621.999968867749
data/cropped_nifti/62951_ct.nii.gz	-1024.0	1455.000014681369
data/cropped_nifti/63045_ct.nii.gz	-1023.9999694824219	1602.9999841302633
data/cropped_nifti/63185_ct.nii.gz	-1023.9999694824219	1458.999984163791
data/cropped_nifti/63239_ct.nii.gz	-1024.0	3053.000044826418
data/cropped_nifti/63242_ct.nii.gz	-1023.9999694824219	1554.9999841414392
data/cropped_nifti/63559_ct.nii.gz	-1023.9999389648438	1557.9999688826501
data/cropped_nifti/63573_ct.nii.gz	-1001.9999694824219	2010.9999535232782
data/cropped_nifti/63654_ct.nii.gz	-1024.0000610351562	2891.000014346093
data/cropped_nifti/63667_ct.nii.gz	-1023.9999847412109	1456.99999942258
data/cropped_nifti/63839_ct.nii.gz	-1024.0000610351562	1561.0000451728702
data/cropped_nifti/63996_ct.nii.gz	-1024.0	1599.0000146478415
data/cropped_nifti/64443_ct.nii.gz	-1024.000015258789	1517.000029925257
data/cropped_nifti/64560_ct.nii.gz	-1023.9999389648438	1605.9999688714743
data/cropped_nifti/64640_ct.nii.gz	-1023.9999694824219	1506.999984152615
data/cropped_nifti/64664_ct.nii.gz	-1024.0000305175781	1932.0000298283994
data/cropped_nifti/64694_ct.nii.gz	-1023.9999389648438	2227.999999243766
data/cropped_nifti/64734_ct.nii.gz	-1023.9999389648438	3044.999983794987
data/cropped_nifti/64841_ct.nii.gz	-1023.9999847412109	1392.9999994374812
data/cropped_nifti/64843_ct.nii.gz	-1024.0000305175781	1739.000045131892
data/cropped_nifti/64940_ct.nii.gz	-1024.0000610351562	1561.0000451728702
data/cropped_nifti/65031_ct.nii.gz	-1024.0	3071.0000143051147
data/cropped_nifti/65062_ct.nii.gz	-1023.9999694824219	1956.9999535307288
data/cropped_nifti/65331_ct.nii.gz	-1024.0	1551.9999994002283
data/cropped_nifti/65364_ct.nii.gz	-1024.0000305175781	1388.0000299550593
data/cropped_nifti/65425_ct.nii.gz	-1023.9999694824219	1601.9999993890524
data/cropped_nifti/65433_ct.nii.gz	-1021.0000381469727	1118.0000376477838
data/cropped_nifti/65606_ct.nii.gz	-1024.0	1616.999984126538
data/cropped_nifti/65644_ct.nii.gz	-1023.9999389648438	1653.9999688602984
data/cropped_nifti/65698_ct.nii.gz	-1023.9999694824219	1556.999953623861
data/cropped_nifti/65717_ct.nii.gz	-1023.9999694824219	1668.999953597784
data/cropped_nifti/66028_ct.nii.gz	-1024.0000610351562	2650.0000296607614
data/cropped_nifti/66034_ct.nii.gz	-1024.0000610351562	2922.0000295974314
data/cropped_nifti/66103_ct.nii.gz	-1024.0	1423.9999994300306
data/cropped_nifti/66266_ct.nii.gz	-1023.9999694824219	1556.999953623861
data/cropped_nifti/66409_ct.nii.gz	-1024.0000457763672	1450.0000451989472
data/cropped_nifti/66711_ct.nii.gz	-1023.9999542236328	1508.999968893826
data/cropped_nifti/66853_ct.nii.gz	-1024.0	1664.9999841153622
data/cropped_nifti/66988_ct.nii.gz	-1023.9999465942383	1190.9999460801482
data/cropped_nifti/67126_ct.nii.gz	-1023.9999847412109	1233.999984215945
data/cropped_nifti/67486_ct.nii.gz	-1024.0	3071.0000143051147
data/cropped_nifti/67565_ct.nii.gz	-1024.0	3071.0000143051147
data/cropped_nifti/67654_ct.nii.gz	-1024.0	3071.0000143051147
data/cropped_nifti/67751_ct.nii.gz	-1023.9999694824219	1537.9999994039536
data/cropped_nifti/67788_ct.nii.gz	-1024.000015258789	1246.0000147297978
data/cropped_nifti/67844_ct.nii.gz	-1023.9999389648438	2788.999983854592
data/cropped_nifti/68044_ct.nii.gz	-1024.0	1343.999999448657
data/cropped_nifti/68203_ct.nii.gz	-1023.9999847412109	1424.9999994300306
data/cropped_nifti/68214_ct.nii.gz	-1021.9999694824219	1846.9999535568058
data/cropped_nifti/68376_ct.nii.gz	-1023.9999694824219	1635.9999688640237
data/cropped_nifti/68403_ct.nii.gz	-1023.9999389648438	1558.999953623861
data/cropped_nifti/68604_ct.nii.gz	-1023.9999847412109	1360.9999994449317
data/cropped_nifti/68755_ct.nii.gz	-1024.0000610351562	3067.0000143051147
data/cropped_nifti/68836_ct.nii.gz	-1023.9999694824219	1682.9999841116369
data/cropped_nifti/68919_ct.nii.gz	-1023.9999542236328	1364.9999689273536
data/cropped_nifti/69056_ct.nii.gz	-1023.9999389648438	1494.9999536387622
data/cropped_nifti/69119_ct.nii.gz	-1024.0000610351562	2568.000060196966
data/cropped_nifti/69136_ct.nii.gz	-1023.9999694824219	1571.9999688789248
data/cropped_nifti/69179_ct.nii.gz	-1024.0	2608.99998389557
data/cropped_nifti/69192_ct.nii.gz	-1024.0000610351562	1528.0000604391098
data/cropped_nifti/69217_ct.nii.gz	-1024.0000305175781	1819.0000451132655
data/cropped_nifti/69328_ct.nii.gz	-1023.9999694824219	1587.9999688751996
data/cropped_nifti/69479_ct.nii.gz	-1023.9999389648438	2774.999953340739
data/cropped_nifti/69626_ct.nii.gz	-1023.9999694824219	1875.9999688081443
data/cropped_nifti/69738_ct.nii.gz	-1024.0	2370.9999534338713
data/cropped_nifti/69759_ct.nii.gz	-1024.0000305175781	2042.0000603199005
data/cropped_nifti/69788_ct.nii.gz	-1023.9999389648438	2037.9999687708914
data/cropped_nifti/69840_ct.nii.gz	-1024.0	3068.000060081482
data/cropped_nifti/69848_ct.nii.gz	-1023.9999694824219	1715.9999688453972
data/cropped_nifti/70158_ct.nii.gz	-1023.9999389648438	2150.9999534860253
data/cropped_nifti/70535_ct.nii.gz	-1023.9999694824219	1714.9999841041863
data/cropped_nifti/70611_ct.nii.gz	-1023.9999389648438	2389.999968688935
data/cropped_nifti/70704_ct.nii.gz	-1023.9999389648438	2022.9999535158277
data/cropped_nifti/70742_ct.nii.gz	-1023.9999694824219	1556.999953623861
data/cropped_nifti/70744_ct.nii.gz	-1022.9999694824219	1540.9999688863754
data/cropped_nifti/70777_ct.nii.gz	-1023.9999389648438	1622.99995360896
data/cropped_nifti/70877_ct.nii.gz	-1023.0	2288.000014487654
data/cropped_nifti/70878_ct.nii.gz	-1023.9999389648438	2164.999983999878
data/cropped_nifti/71057_ct.nii.gz	-1023.9999389648438	1589.9999688751996
data/cropped_nifti/71067_ct.nii.gz	-1024.0000305175781	1531.0000451803207
data/cropped_nifti/71154_ct.nii.gz	-1023.9999389648438	1590.9999536164105
data/cropped_nifti/71158_ct.nii.gz	-1024.0000305175781	1645.0000146366656
data/cropped_nifti/71232_ct.nii.gz	-1024.0	1646.0000298954546
data/cropped_nifti/71340_ct.nii.gz	-1021.9999542236328	1414.9999689161777
data/cropped_nifti/71507_ct.nii.gz	-1024.0	2226.999953467399
data/cropped_nifti/71524_ct.nii.gz	-1024.0000457763672	1401.0000604689121
data/cropped_nifti/71611_ct.nii.gz	-1024.0000305175781	1563.0000451728702
data/cropped_nifti/71628_ct.nii.gz	-1024.0000457763672	1498.0000451877713
data/cropped_nifti/71657_ct.nii.gz	-1024.0	1630.00002989918
data/cropped_nifti/71754_ct.nii.gz	-1023.9999694824219	1572.9999536201358
data/cropped_nifti/71799_ct.nii.gz	-1024.0000305175781	1549.0000146590173
data/cropped_nifti/71930_ct.nii.gz	-1024.0	2560.999983906746
data/cropped_nifti/72175_ct.nii.gz	-1024.0	2098.999953497201
data/cropped_nifti/72277_ct.nii.gz	-1024.0	3071.0000143051147
data/cropped_nifti/72402_ct.nii.gz	-1024.0000610351562	2459.000014446676
data/cropped_nifti/72485_ct.nii.gz	-1024.0	3071.0000143051147
data/cropped_nifti/72597_ct.nii.gz	-1024.0	1535.0000146627426
data/cropped_nifti/72697_ct.nii.gz	-1024.0	1566.000029914081
data/cropped_nifti/72800_ct.nii.gz	-1024.0	1663.0000146329403
data/cropped_nifti/72949_ct.nii.gz	-1024.0000610351562	1608.0000604204834
data/cropped_nifti/72959_ct.nii.gz	-1024.0	1407.000014692545
data/cropped_nifti/72960_ct.nii.gz	-1023.9999389648438	2597.9999686405063
data/cropped_nifti/73036_ct.nii.gz	-1021.9999389648438	1320.9999536797404
data/cropped_nifti/73050_ct.nii.gz	-1024.0000610351562	1592.0000604242086
data/cropped_nifti/73135_ct.nii.gz	-1023.9999389648438	3059.999999050051
data/cropped_nifti/73260_ct.nii.gz	-1024.0	2031.0000145472586
data/cropped_nifti/73292_ct.nii.gz	-1024.0000457763672	1529.0000604391098
data/cropped_nifti/73348_ct.nii.gz	-1024.0	2401.9999686852098
data/cropped_nifti/73483_ct.nii.gz	-1024.0000610351562	2522.0000296905637
data/cropped_nifti/73550_ct.nii.gz	-1024.0000610351562	2907.0000143423676
data/cropped_nifti/73946_ct.nii.gz	-1024.0000305175781	1546.0000604353845
data/cropped_nifti/74117_ct.nii.gz	-1022.0000305175781	1309.0000452324748
data/cropped_nifti/74176_ct.nii.gz	-1024.0000457763672	1465.000060454011
data/cropped_nifti/74404_ct.nii.gz	-1024.0000457763672	1258.0000452436507
data/cropped_nifti/74422_ct.nii.gz	-1024.0	1631.0000146403909
data/cropped_nifti/74525_ct.nii.gz	-1024.0000076293945	1247.0000071004033
data/cropped_nifti/74533_ct.nii.gz	-1024.0000610351562	1641.0000451542437
data/cropped_nifti/74596_ct.nii.gz	-1023.9999389648438	1462.9999536462128
data/cropped_nifti/74644_ct.nii.gz	-1024.0	1952.999984048307
data/cropped_nifti/74691_ct.nii.gz	-1023.9999389648438	2886.999953314662
data/cropped_nifti/75017_ct.nii.gz	-1023.9999694824219	1683.9999688528478
data/cropped_nifti/75023_ct.nii.gz	-1024.0	1327.0000147111714
data/cropped_nifti/75043_ct.nii.gz	-1024.0	1806.0000298582017
data/cropped_nifti/75254_ct.nii.gz	-1023.9999542236328	1365.9999536685646
data/cropped_nifti/75287_ct.nii.gz	-1024.0000305175781	1244.000029988587
data/cropped_nifti/75375_ct.nii.gz	-1024.0000305175781	1981.0000145584345
data/cropped_nifti/75450_ct.nii.gz	-1024.0	3071.0000143051147
data/cropped_nifti/75515_ct.nii.gz	-1024.0	3071.0000143051147
data/cropped_nifti/75738_ct.nii.gz	-1006.0000152587891	1328.0000147148967
data/cropped_nifti/75809_ct.nii.gz	-1023.9999694824219	1587.9999688751996
data/cropped_nifti/75810_ct.nii.gz	-1023.9999694824219	1650.9999841190875
data/cropped_nifti/75852_ct.nii.gz	-1020.9999694824219	1142.9999689795077
data/cropped_nifti/75937_ct.nii.gz	-1024.0	2096.9999840147793
data/cropped_nifti/76315_ct.nii.gz	-1023.9999694824219	1490.9999841563404
data/cropped_nifti/76372_ct.nii.gz	-1024.0	1710.0000298805535
data/cropped_nifti/76386_ct.nii.gz	-1024.0000305175781	1483.0000451914966
data/cropped_nifti/76413_ct.nii.gz	-1024.0	1600.9999841302633
data/cropped_nifti/76425_ct.nii.gz	-1023.9999694824219	1378.9999841824174
data/cropped_nifti/76458_ct.nii.gz	-1023.9999389648438	1669.999968856573
data/cropped_nifti/76486_ct.nii.gz	-1024.0000305175781	1613.0000146441162
data/cropped_nifti/76545_ct.nii.gz	-1023.9999389648438	1494.9999536387622
data/cropped_nifti/76580_ct.nii.gz	-1023.9999694824219	1347.999968931079
data/cropped_nifti/76774_ct.nii.gz	-1024.0000305175781	1837.000014591962
data/cropped_nifti/76794_ct.nii.gz	-1024.000015258789	1502.0000146701932
data/cropped_nifti/76872_ct.nii.gz	-1024.000015258789	1341.0000299662352
data/cropped_nifti/77058_ct.nii.gz	-1008.0	2337.999968703836
data/cropped_nifti/77117_ct.nii.gz	-1024.0	2940.0000601112843
data/cropped_nifti/77229_ct.nii.gz	-1023.9999694824219	1553.9999994002283
data/cropped_nifti/77249_ct.nii.gz	-1024.0	2751.0000143796206
data/cropped_nifti/77268_ct.nii.gz	-1024.0	1790.000029861927
data/cropped_nifti/77312_ct.nii.gz	-1024.0000305175781	1691.0000451430678
data/cropped_nifti/77338_ct.nii.gz	-1023.9999542236328	1524.9999688901007
data/cropped_nifti/77386_ct.nii.gz	-1023.9999389648438	1558.999953623861
data/cropped_nifti/77479_ct.nii.gz	-1023.9999389648438	2835.999999102205
data/cropped_nifti/77481_ct.nii.gz	-1024.0	3071.0000143051147
data/cropped_nifti/77584_ct.nii.gz	-1024.0	3071.0000143051147
data/cropped_nifti/77636_ct.nii.gz	-1024.0000610351562	2427.0000144541264
data/cropped_nifti/77694_ct.nii.gz	-1023.0	2415.0000297166407
data/cropped_nifti/77741_ct.nii.gz	-999.9999694824219	1563.9999688863754
data/cropped_nifti/77934_ct.nii.gz	-1024.0	1439.9999994263053
data/cropped_nifti/78006_ct.nii.gz	-1021.9999847412109	1331.9999841935933
data/cropped_nifti/78053_ct.nii.gz	-1023.9999847412109	1377.9999841824174
data/cropped_nifti/78091_ct.nii.gz	-1023.9999389648438	2869.9999685771763
data/cropped_nifti/78155_ct.nii.gz	-1022.9999847412109	1505.9999994114041
data/cropped_nifti/78199_ct.nii.gz	-1024.000015258789	1357.0000299625099
data/cropped_nifti/78243_ct.nii.gz	-1023.9999847412109	1520.9999994076788
data/cropped_nifti/78328_ct.nii.gz	-1024.0000305175781	1645.0000146366656
data/cropped_nifti/78492_ct.nii.gz	-1023.9999389648438	2086.9999535009265
data/cropped_nifti/78671_ct.nii.gz	-1024.0000610351562	1608.0000604204834
data/cropped_nifti/78710_ct.nii.gz	-1024.0	3057.999968532473
data/cropped_nifti/78715_ct.nii.gz	-1022.9999694824219	1539.9999841451645
data/cropped_nifti/78755_ct.nii.gz	-1024.0	2401.9999686852098
data/cropped_nifti/78880_ct.nii.gz	-1024.000015258789	1150.0000147521496
data/cropped_nifti/78892_ct.nii.gz	-1023.9999389648438	1542.9999536275864
data/cropped_nifti/78967_ct.nii.gz	-1024.0	2095.0000145323575
data/cropped_nifti/78989_ct.nii.gz	-1024.0000610351562	1256.0000605024397
data/cropped_nifti/79108_ct.nii.gz	-1023.9999389648438	2230.999953467399
data/cropped_nifti/79118_ct.nii.gz	-1023.9999694824219	1650.9999841190875
data/cropped_nifti/79213_ct.nii.gz	-1024.0	1774.0000298656523
data/cropped_nifti/79244_ct.nii.gz	-1023.9999542236328	1444.9999689087272
data/cropped_nifti/79293_ct.nii.gz	-1022.0000305175781	1390.0000299550593
data/cropped_nifti/79294_ct.nii.gz	-1023.0000610351562	2921.0000601150095
data/cropped_nifti/79317_ct.nii.gz	-1024.0	1678.000029888004
data/cropped_nifti/79405_ct.nii.gz	-1024.0000305175781	1307.0000452324748
data/cropped_nifti/79449_ct.nii.gz	-1024.0	1631.9999993816018
data/cropped_nifti/79488_ct.nii.gz	-1023.9999694824219	1618.999984126538
data/cropped_nifti/79525_ct.nii.gz	-1023.9999694824219	1683.9999688528478
data/cropped_nifti/79643_ct.nii.gz	-1023.9999389648438	1557.9999688826501
data/cropped_nifti/79764_ct.nii.gz	-1024.0000305175781	1515.000045184046
data/cropped_nifti/79811_ct.nii.gz	-1015.0000305175781	1301.000029977411
data/cropped_nifti/79915_ct.nii.gz	-1024.0000610351562	1576.000060427934
data/cropped_nifti/80093_ct.nii.gz	-1024.0	1263.9999994672835
data/cropped_nifti/80134_ct.nii.gz	-1023.9999694824219	1569.999999396503
data/cropped_nifti/80169_ct.nii.gz	-1024.0000305175781	1371.0000452175736
data/cropped_nifti/80279_ct.nii.gz	-1006.0000076293945	1233.000007107854
data/cropped_nifti/80299_ct.nii.gz	-1024.0000305175781	1693.0000146254897
data/cropped_nifti/80561_ct.nii.gz	-1024.0	2367.0000144690275
data/cropped_nifti/80662_ct.nii.gz	-1024.0000610351562	1561.0000451728702
data/cropped_nifti/80769_ct.nii.gz	-1024.0000610351562	2104.0000603049994
data/cropped_nifti/80798_ct.nii.gz	-1024.0000305175781	1691.0000451430678
data/cropped_nifti/80849_ct.nii.gz	-1024.0	2062.000029798597
data/cropped_nifti/80919_ct.nii.gz	-1024.0000305175781	1564.000029914081
data/cropped_nifti/80976_ct.nii.gz	-1024.000015258789	1518.000014666468
data/cropped_nifti/81046_ct.nii.gz	-1023.9999694824219	1283.99996894598
data/cropped_nifti/81054_ct.nii.gz	-1023.9999542236328	1429.9999536536634
data/cropped_nifti/81153_ct.nii.gz	-1024.0000305175781	1675.0000451467931
data/cropped_nifti/81313_ct.nii.gz	-1023.9999694824219	1633.9999993816018
data/cropped_nifti/81384_ct.nii.gz	-1023.9999694824219	1554.9999841414392
data/cropped_nifti/81470_ct.nii.gz	-1023.9999389648438	2870.9999533183873
data/cropped_nifti/81482_ct.nii.gz	-1023.9999542236328	1508.999968893826
data/cropped_nifti/81630_ct.nii.gz	-1024.0000305175781	1371.0000452175736
data/cropped_nifti/81801_ct.nii.gz	-1023.9999694824219	1540.9999536275864
data/cropped_nifti/81832_ct.nii.gz	-1024.0	1455.99999942258
data/cropped_nifti/82018_ct.nii.gz	-1024.0000305175781	1740.000029873103
data/cropped_nifti/82172_ct.nii.gz	-1023.9999389648438	1589.9999688751996
data/cropped_nifti/82253_ct.nii.gz	-1024.0000305175781	1596.0000299066305
data/cropped_nifti/82290_ct.nii.gz	-1024.0	3071.0000143051147
data/cropped_nifti/82341_ct.nii.gz	-1023.9999542236328	1285.999953687191
data/cropped_nifti/82351_ct.nii.gz	-1024.0	3071.0000143051147
data/cropped_nifti/82378_ct.nii.gz	-1024.0000610351562	3066.000029563904
data/cropped_nifti/82408_ct.nii.gz	-1024.0	1503.9999994114041
data/cropped_nifti/82749_ct.nii.gz	-1023.9999542236328	1476.9999689012766
data/cropped_nifti/82946_ct.nii.gz	-1024.0000610351562	2075.0000145360827
data/cropped_nifti/82984_ct.nii.gz	-1023.9999389648438	1638.9999536052346
data/cropped_nifti/83014_ct.nii.gz	-1024.0	3071.0000143051147
data/cropped_nifti/83075_ct.nii.gz	-1024.0	3071.0000143051147
data/cropped_nifti/83091_ct.nii.gz	-1024.0	3071.0000143051147
data/cropped_nifti/83303_ct.nii.gz	-1024.0	3071.0000143051147
data/cropped_nifti/83414_ct.nii.gz	-1023.9999389648438	1797.9999688267708
data/cropped_nifti/83483_ct.nii.gz	-1024.0000610351562	1609.0000451616943
data/cropped_nifti/83677_ct.nii.gz	-1021.0	2132.9999687485397
data/cropped_nifti/83866_ct.nii.gz	-1024.0000305175781	1403.000045210123
data/cropped_nifti/83873_ct.nii.gz	-1024.0	1583.9999993927777
data/cropped_nifti/83943_ct.nii.gz	-1023.9999694824219	1553.9999994002283
data/cropped_nifti/84124_ct.nii.gz	-1023.9999389648438	2180.999983996153
data/cropped_nifti/84129_ct.nii.gz	-1024.0	2975.0000143274665
data/cropped_nifti/84304_ct.nii.gz	-1024.0000610351562	1480.0000604502857
data/cropped_nifti/84338_ct.nii.gz	-1024.0000305175781	1499.0000451877713
data/cropped_nifti/84553_ct.nii.gz	-1023.9999389648438	1318.9999536797404
data/cropped_nifti/84656_ct.nii.gz	-1018.0	1557.9999994002283
data/cropped_nifti/84704_ct.nii.gz	-1024.0000610351562	3067.0000143051147
data/cropped_nifti/84824_ct.nii.gz	-1023.9999847412109	1345.999984189868
data/cropped_nifti/84878_ct.nii.gz	-1024.0	1646.0000298954546
data/cropped_nifti/84926_ct.nii.gz	-1024.0000610351562	1288.0000604949892
data/cropped_nifti/85148_ct.nii.gz	-1023.9999694824219	1443.9999689087272
data/cropped_nifti/85162_ct.nii.gz	-1024.0	3055.00001430884
data/cropped_nifti/85228_ct.nii.gz	-1021.0000305175781	1294.0000452362
data/cropped_nifti/85240_ct.nii.gz	-1023.9999389648438	1510.999953635037
data/cropped_nifti/85245_ct.nii.gz	-1024.0	3071.0000143051147
data/cropped_nifti/85284_ct.nii.gz	-1024.0	1471.9999994188547
data/cropped_nifti/85294_ct.nii.gz	-1024.0	1599.0000146478415
data/cropped_nifti/85329_ct.nii.gz	-1024.0000305175781	1451.0000451989472
data/cropped_nifti/85357_ct.nii.gz	-1023.9999694824219	1346.999984189868
data/cropped_nifti/85452_ct.nii.gz	-1020.9999847412109	1348.999984189868
data/cropped_nifti/85458_ct.nii.gz	-1024.0	3070.000029563904
data/cropped_nifti/85518_ct.nii.gz	-1024.0	1327.9999994523823
data/cropped_nifti/85519_ct.nii.gz	-1023.9999847412109	1408.9999994337559
data/cropped_nifti/85569_ct.nii.gz	-1024.0000305175781	1627.000045157969
data/cropped_nifti/85689_ct.nii.gz	-1024.0000305175781	1980.0000298172235
data/cropped_nifti/85703_ct.nii.gz	-1024.0	1614.0000299029052
data/cropped_nifti/85838_ct.nii.gz	-1023.9999694824219	1602.9999841302633
data/cropped_nifti/85893_ct.nii.gz	-1024.000015258789	1246.0000147297978
data/cropped_nifti/85915_ct.nii.gz	-1024.0000610351562	1480.0000604502857
data/cropped_nifti/86009_ct.nii.gz	-1023.9999389648438	1526.9999536313117
data/cropped_nifti/86101_ct.nii.gz	-1023.9999694824219	1537.9999994039536
data/cropped_nifti/86154_ct.nii.gz	-1024.0	3071.0000143051147
data/cropped_nifti/86230_ct.nii.gz	-1024.0	3054.000029567629
data/cropped_nifti/86249_ct.nii.gz	-1023.9999389648438	1798.9999535679817
data/cropped_nifti/86404_ct.nii.gz	-1024.0000305175781	1451.0000451989472
data/cropped_nifti/86512_ct.nii.gz	-1024.0000305175781	1628.00002989918
data/cropped_nifti/86591_ct.nii.gz	-1024.0	2462.000029705465
data/cropped_nifti/86752_ct.nii.gz	-1024.0	1471.0000146776438
data/cropped_nifti/86810_ct.nii.gz	-1024.0000305175781	1548.0000299178064
data/cropped_nifti/86836_ct.nii.gz	-1023.9999389648438	1654.9999536015093
data/cropped_nifti/86841_ct.nii.gz	-1024.0000305175781	1645.0000146366656
data/cropped_nifti/86930_ct.nii.gz	-1024.0	3071.0000143051147
data/cropped_nifti/87016_ct.nii.gz	-1024.0	3071.0000143051147
data/cropped_nifti/87092_ct.nii.gz	-1024.0000610351562	1609.0000451616943
data/cropped_nifti/87267_ct.nii.gz	-1023.9999694824219	1554.9999841414392
data/cropped_nifti/87333_ct.nii.gz	-1024.0	3006.000029578805
data/cropped_nifti/87490_ct.nii.gz	-1024.0	2908.000060118735
data/cropped_nifti/87562_ct.nii.gz	-1024.0000305175781	1549.0000146590173
data/cropped_nifti/87603_ct.nii.gz	-1024.0	3071.0000143051147
data/cropped_nifti/87730_ct.nii.gz	-1024.0	1584.9999841339886
data/cropped_nifti/87738_ct.nii.gz	-1023.9999389648438	2501.999968662858
data/cropped_nifti/87766_ct.nii.gz	-1024.0	3071.0000143051147
data/cropped_nifti/87922_ct.nii.gz	-1024.0	1391.9999994374812
data/cropped_nifti/87946_ct.nii.gz	-1024.0000610351562	1545.0000451765954
data/cropped_nifti/88017_ct.nii.gz	-1024.0000305175781	1435.0000452026725
data/cropped_nifti/88070_ct.nii.gz	-1024.0000305175781	1547.0000451765954
data/cropped_nifti/88160_ct.nii.gz	-1024.0	3071.0000143051147
data/cropped_nifti/88198_ct.nii.gz	-1024.000015258789	1357.0000299625099
data/cropped_nifti/88505_ct.nii.gz	-1024.0	3071.0000143051147
data/cropped_nifti/88554_ct.nii.gz	-1016.9999694824219	1995.9999535232782
data/cropped_nifti/88569_ct.nii.gz	-1024.0000610351562	2185.000045027584
data/cropped_nifti/88717_ct.nii.gz	-1024.000015258789	1389.0000299550593
data/cropped_nifti/88817_ct.nii.gz	-1024.0000305175781	1690.000060401857
data/cropped_nifti/88916_ct.nii.gz	-1024.0000305175781	1884.0000298395753
data/cropped_nifti/89048_ct.nii.gz	-1017.0	1190.99999948591
data/cropped_nifti/89068_ct.nii.gz	-1023.9999389648438	1910.9999535419047
data/cropped_nifti/89223_ct.nii.gz	-1024.0000305175781	1516.000029925257
data/cropped_nifti/89225_ct.nii.gz	-1024.0000305175781	1516.000029925257
data/cropped_nifti/89487_ct.nii.gz	-1023.9999694824219	1363.9999689273536
data/cropped_nifti/89507_ct.nii.gz	-1023.9999542236328	1412.9999689161777
data/cropped_nifti/89590_ct.nii.gz	-1024.0000610351562	1384.0000604726374
data/cropped_nifti/89790_ct.nii.gz	-1023.9999465942383	1270.9999460615218
data/cropped_nifti/89802_ct.nii.gz	-1024.0	1791.000014603138
data/cropped_nifti/89853_ct.nii.gz	-1013.0	2890.999999091029
data/cropped_nifti/89894_ct.nii.gz	-1023.9999847412109	1456.99999942258
data/cropped_nifti/89901_ct.nii.gz	-1024.0000610351562	2330.000029735267
data/cropped_nifti/89969_ct.nii.gz	-1024.0000610351562	1833.0000451095402
data/cropped_nifti/90020_ct.nii.gz	-1024.0000610351562	1560.0000604316592
data/cropped_nifti/90024_ct.nii.gz	-1023.9999847412109	1312.9999994561076
data/cropped_nifti/90043_ct.nii.gz	-1024.0	3036.0000600889325
data/cropped_nifti/90094_ct.nii.gz	-1024.0000610351562	1592.0000604242086
data/cropped_nifti/90184_ct.nii.gz	-1024.0000610351562	1832.0000603683293
data/cropped_nifti/90264_ct.nii.gz	-1024.0000305175781	1339.0000452250242
data/cropped_nifti/90310_ct.nii.gz	-1023.9999694824219	1443.9999689087272
data/cropped_nifti/90406_ct.nii.gz	-1024.0	1808.9999840818346
data/cropped_nifti/90605_ct.nii.gz	-1024.0000610351562	1721.0000451356173
data/cropped_nifti/90614_ct.nii.gz	-1023.9999389648438	2677.99996862188
data/cropped_nifti/90649_ct.nii.gz	-1024.0000610351562	2842.000029616058
data/cropped_nifti/90650_ct.nii.gz	-1023.9999542236328	1300.9999689422548
data/cropped_nifti/90687_ct.nii.gz	-1024.000015258789	1406.000014692545
data/cropped_nifti/90853_ct.nii.gz	-1024.0000305175781	1674.0000604055822
data/cropped_nifti/90990_ct.nii.gz	-1024.0	3071.0000143051147
data/cropped_nifti/91412_ct.nii.gz	-1024.0000305175781	1435.0000452026725
data/cropped_nifti/91420_ct.nii.gz	-1024.0000305175781	1868.0000298433006
data/cropped_nifti/91740_ct.nii.gz	-1024.0	2078.000029794872
data/cropped_nifti/91767_ct.nii.gz	-1024.0	1311.0000147148967
data/cropped_nifti/91871_ct.nii.gz	-1023.9999694824219	1617.999999385327
data/cropped_nifti/91900_ct.nii.gz	-1024.0	3071.0000143051147
data/cropped_nifti/91951_ct.nii.gz	-1023.9999694824219	1443.9999689087272
data/cropped_nifti/92039_ct.nii.gz	-1024.0	2397.000044979155
data/cropped_nifti/92192_ct.nii.gz	-1024.0000610351562	1561.0000451728702
data/cropped_nifti/92272_ct.nii.gz	-1024.000015258789	1405.000029951334
data/cropped_nifti/92303_ct.nii.gz	-1024.0	1616.999984126538
data/cropped_nifti/92371_ct.nii.gz	-1023.9999694824219	1538.9999841451645
data/cropped_nifti/92427_ct.nii.gz	-1024.0000305175781	1500.0000299289823
data/cropped_nifti/92791_ct.nii.gz	-1024.0000610351562	1609.0000451616943
data/cropped_nifti/92933_ct.nii.gz	-1023.9999694824219	1652.9999536015093
data/cropped_nifti/92946_ct.nii.gz	-1024.0000610351562	1528.0000604391098
data/cropped_nifti/92992_ct.nii.gz	-1024.0000610351562	2713.0000449046493
data/cropped_nifti/93042_ct.nii.gz	-1024.000015258789	1293.000029977411
data/cropped_nifti/93093_ct.nii.gz	-1016.0000305175781	1299.0000452362
data/cropped_nifti/93301_ct.nii.gz	-1024.0000305175781	1292.000029977411
data/cropped_nifti/93388_ct.nii.gz	-1023.9999389648438	2404.999983943999
data/cropped_nifti/93550_ct.nii.gz	-1023.9999389648438	1574.9999536201358
data/cropped_nifti/93554_ct.nii.gz	-1024.0	1598.0000299066305
data/cropped_nifti/93631_ct.nii.gz	-1024.0000305175781	1612.0000299029052
data/cropped_nifti/93875_ct.nii.gz	-1024.0000457763672	1482.0000451914966
data/cropped_nifti/93913_ct.nii.gz	-1024.0	1776.9999840892851
data/cropped_nifti/94035_ct.nii.gz	-1024.0000610351562	2315.0000144802034
data/cropped_nifti/94230_ct.nii.gz	-1024.0	1696.9999841079116
data/cropped_nifti/94342_ct.nii.gz	-1024.0000305175781	1516.000029925257
data/cropped_nifti/94454_ct.nii.gz	-1024.0000228881836	1277.0000223517418
data/cropped_nifti/94685_ct.nii.gz	-1024.0	3071.0000143051147
data/cropped_nifti/94709_ct.nii.gz	-1023.9999389648438	1414.9999536573887
data/cropped_nifti/94712_ct.nii.gz	-1024.0000610351562	1576.000060427934
data/cropped_nifti/94820_ct.nii.gz	-1024.0000457763672	1353.000060480088
data/cropped_nifti/94945_ct.nii.gz	-1024.0	1696.9999841079116
data/cropped_nifti/94984_ct.nii.gz	-1023.9999389648438	2803.9999991096556
data/cropped_nifti/94987_ct.nii.gz	-1024.0000457763672	1498.0000451877713
data/cropped_nifti/95012_ct.nii.gz	-1024.0	3071.0000143051147
data/cropped_nifti/95072_ct.nii.gz	-1024.0	2108.0000603049994
data/cropped_nifti/95341_ct.nii.gz	-1024.0000305175781	1676.000029888004
data/cropped_nifti/95548_ct.nii.gz	-1024.000015258789	1373.0000299587846
data/cropped_nifti/95630_ct.nii.gz	-1024.0	3068.000060081482
data/cropped_nifti/95653_ct.nii.gz	-1024.0000610351562	2681.0000449121
data/cropped_nifti/95730_ct.nii.gz	-1024.0	2527.9999991729856
data/cropped_nifti/95739_ct.nii.gz	-1023.9999694824219	1475.9999689012766
data/cropped_nifti/95773_ct.nii.gz	-1023.9999389648438	2275.99999923259
data/cropped_nifti/95798_ct.nii.gz	-1024.000015258789	1502.0000146701932
data/cropped_nifti/95841_ct.nii.gz	-1024.0000305175781	1499.0000451877713
data/cropped_nifti/95848_ct.nii.gz	-1023.9999389648438	1541.9999688863754
data/cropped_nifti/96001_ct.nii.gz	-1024.0	2240.9999839812517
data/cropped_nifti/96040_ct.nii.gz	-1024.0000305175781	1645.0000146366656
data/cropped_nifti/96096_ct.nii.gz	-1024.0000457763672	1402.000045210123
data/cropped_nifti/96152_ct.nii.gz	-1023.9999542236328	1173.999953713268
data/cropped_nifti/96249_ct.nii.gz	-1024.0	3070.000029563904
data/cropped_nifti/96360_ct.nii.gz	-1023.9999389648438	2101.9999687559903
data/cropped_nifti/96362_ct.nii.gz	-1023.9999847412109	1521.9999841488898
data/cropped_nifti/96401_ct.nii.gz	-1024.0000610351562	1912.0000603497028
data/cropped_nifti/96459_ct.nii.gz	-1023.9999389648438	3060.999983791262
data/cropped_nifti/96470_ct.nii.gz	-1024.0000610351562	2617.000044927001
data/cropped_nifti/96646_ct.nii.gz	-1024.000015258789	1437.0000299438834
data/cropped_nifti/96722_ct.nii.gz	-1024.0	1646.0000298954546
data/cropped_nifti/96723_ct.nii.gz	-1023.9999542236328	1348.999968931079
data/cropped_nifti/96789_ct.nii.gz	-1024.0	3071.0000143051147
data/cropped_nifti/96840_ct.nii.gz	-1023.9999542236328	1445.999953649938
data/cropped_nifti/96882_ct.nii.gz	-1023.9999694824219	1555.9999688826501
data/cropped_nifti/96983_ct.nii.gz	-1024.0	3071.0000143051147
data/cropped_nifti/97165_ct.nii.gz	-1024.0	3071.0000143051147
data/cropped_nifti/97205_ct.nii.gz	-1023.9999694824219	1651.9999688602984
data/cropped_nifti/97235_ct.nii.gz	-1024.0000305175781	1355.000045221299
data/cropped_nifti/97329_ct.nii.gz	-1024.0000610351562	1576.000060427934
data/cropped_nifti/97382_ct.nii.gz	-1024.000015258789	1390.0000146962702
data/cropped_nifti/97439_ct.nii.gz	-1024.0000610351562	2810.0000296235085
data/cropped_nifti/97563_ct.nii.gz	-1024.0	2620.00006018579
data/cropped_nifti/97954_ct.nii.gz	-1024.0	3071.0000143051147
data/cropped_nifti/98172_ct.nii.gz	-1024.0	3071.0000143051147
data/cropped_nifti/98323_ct.nii.gz	-1024.0	1695.9999993667006
data/cropped_nifti/98432_ct.nii.gz	-1024.0000457763672	1338.0000452250242
data/cropped_nifti/98778_ct.nii.gz	-1024.0000610351562	1976.0000603348017
data/cropped_nifti/98845_ct.nii.gz	-1023.9999389648438	2980.9999838098884
data/cropped_nifti/98945_ct.nii.gz	-1008.0000076293945	1199.0000071153045
data/cropped_nifti/99029_ct.nii.gz	-1023.9999542236328	1317.9999536797404
data/cropped_nifti/99125_ct.nii.gz	-1024.0	3071.0000143051147
data/cropped_nifti/99155_ct.nii.gz	-1023.9999389648438	2501.999968662858
data/cropped_nifti/99183_ct.nii.gz	-1023.9999389648438	2883.999999091029
data/cropped_nifti/99190_ct.nii.gz	-1024.0000305175781	1869.0000145845115
data/cropped_nifti/99241_ct.nii.gz	-1023.9999847412109	1489.9999841563404
data/cropped_nifti/99301_ct.nii.gz	-1024.0	3071.0000143051147
data/cropped_nifti/99449_ct.nii.gz	-1024.0000076293945	1151.000007122755
data/cropped_nifti/99514_ct.nii.gz	-1024.0	2690.9999533593655
data/cropped_nifti/99577_ct.nii.gz	-1023.9999542236328	1444.9999689087272
data/cropped_nifti/99596_ct.nii.gz	-1023.9999389648438	1717.9999688453972
data/cropped_nifti/99684_ct.nii.gz	-1024.0	3071.0000143051147
data/cropped_nifti/99819_ct.nii.gz	-1024.0	3071.0000143051147
data/cropped_nifti/99958_ct.nii.gz	-1024.0000305175781	1596.0000299066305
data/cropped_nifti/T_00202_ct.nii.gz	-1023.0	1344.000014707446
data/cropped_nifti/T_00321_ct.nii.gz	-1024.0000305175781	1820.0000298544765
data/cropped_nifti/T_00758_ct.nii.gz	-1024.0	1584.9999841339886
data/cropped_nifti/T_01120_ct.nii.gz	-1024.0	2751.9999991208315
data/cropped_nifti/T_02286_ct.nii.gz	-1024.0000305175781	1546.0000604353845
data/cropped_nifti/T_02449_ct.nii.gz	-1024.0000610351562	1304.0000604912639
data/cropped_nifti/T_02513_ct.nii.gz	-1024.0000610351562	2107.000014528632
data/cropped_nifti/T_02586_ct.nii.gz	-1023.9999694824219	1588.9999536164105
data/cropped_nifti/T_04557_ct.nii.gz	-1023.9999694824219	1652.9999536015093
data/cropped_nifti/T_04831_ct.nii.gz	-1023.9999389648438	1638.9999536052346
data/cropped_nifti/T_04846_ct.nii.gz	-1023.9999847412109	1472.9999994188547
data/cropped_nifti/T_04911_ct.nii.gz	-1024.0	2736.9999838657677
data/cropped_nifti/T_04960_ct.nii.gz	-1024.0	1566.000029914081
data/cropped_nifti/T_05358_ct.nii.gz	-1023.9999694824219	1507.999968893826
data/cropped_nifti/T_05383_ct.nii.gz	-1023.9999694824219	1857.9999993294477
data/cropped_nifti/T_05494_ct.nii.gz	-1024.0	2893.000044863671
data/cropped_nifti/T_05666_ct.nii.gz	-1023.9999389648438	1558.999953623861
data/cropped_nifti/T_06434_ct.nii.gz	-1024.0000610351562	2024.0000603236258
data/cropped_nifti/T_06614_ct.nii.gz	-1023.9999389648438	2309.9999687075615
data/cropped_nifti/T_06700_ct.nii.gz	-1024.0000305175781	1339.0000452250242
data/cropped_nifti/T_07593_ct.nii.gz	-1024.0	2079.0000145360827
data/cropped_nifti/T_08645_ct.nii.gz	-1023.9999847412109	1329.9999841935933
data/cropped_nifti/T_09628_ct.nii.gz	-1024.0000610351562	1545.0000451765954
data/cropped_nifti/T_09646_ct.nii.gz	-1024.0	1583.0000146515667
data/cropped_nifti/T_10435_ct.nii.gz	-1024.0000610351562	2843.000014357269
data/cropped_nifti/T_10857_ct.nii.gz	-1023.9999694824219	1554.9999841414392
data/cropped_nifti/T_11318_ct.nii.gz	-1024.0	3071.0000143051147
data/cropped_nifti/T_12120_ct.nii.gz	-1023.9999694824219	1618.999984126538
data/cropped_nifti/T_13953_ct.nii.gz	-1024.0000305175781	1594.0000604242086
data/cropped_nifti/T_14075_ct.nii.gz	-1024.0	3071.0000143051147
data/cropped_nifti/T_14179_ct.nii.gz	-1022.0000610351562	1370.0000604763627
data/cropped_nifti/T_14316_ct.nii.gz	-1023.9999694824219	1572.9999536201358
data/cropped_nifti/T_14757_ct.nii.gz	-1024.0000610351562	1560.0000604316592
data/cropped_nifti/T_15014_ct.nii.gz	-1024.0	1823.9999993368983
data/cropped_nifti/T_15039_ct.nii.gz	-1023.9999389648438	1478.9999536424875
data/cropped_nifti/T_15619_ct.nii.gz	-1024.0000305175781	1483.0000451914966
data/cropped_nifti/T_15916_ct.nii.gz	-1023.9999847412109	1344.999999448657
data/cropped_nifti/T_16078_ct.nii.gz	-1023.9999694824219	1810.9999840818346
data/cropped_nifti/T_16265_ct.nii.gz	-1023.9999847412109	1296.999999459833
data/cropped_nifti/T_16515_ct.nii.gz	-1023.9999694824219	1585.9999993927777
data/cropped_nifti/T_17737_ct.nii.gz	-1023.9999694824219	1330.9999841935933
data/cropped_nifti/T_18274_ct.nii.gz	-1024.0	2223.000014502555
data/cropped_nifti/T_18319_ct.nii.gz	-1023.9999542236328	1525.9999536313117
data/cropped_nifti/T_19266_ct.nii.gz	-1023.9999389648438	3012.999983802438
data/cropped_nifti/T_19626_ct.nii.gz	-1024.0	1967.0000145621598
data/cropped_nifti/T_20333_ct.nii.gz	-1024.0000610351562	1608.0000604204834
data/cropped_nifti/T_20947_ct.nii.gz	-1023.9999389648438	2979.9999990686774
data/cropped_nifti/T_21325_ct.nii.gz	-1024.0	3071.0000143051147
data/cropped_nifti/T_21567_ct.nii.gz	-1023.9999694824219	1299.9999689422548
data/cropped_nifti/T_22172_ct.nii.gz	-1024.000015258789	1485.0000299327075
data/cropped_nifti/T_22240_ct.nii.gz	-1017.9999542236328	1099.9999537318945
data/cropped_nifti/T_22706_ct.nii.gz	-1023.9999389648438	2931.9999990798533
data/cropped_nifti/T_22941_ct.nii.gz	-1023.9999542236328	1524.9999688901007
data/cropped_nifti/T_23712_ct.nii.gz	-1024.0	1568.999984137714
data/cropped_nifti/T_23751_ct.nii.gz	0.0	5693.842833966017
data/cropped_nifti/T_24242_ct.nii.gz	-1023.9999694824219	2033.9999992884696
data/cropped_nifti/T_24782_ct.nii.gz	-1024.0	3071.0000143051147
data/cropped_nifti/T_24915_ct.nii.gz	-1024.0000610351562	1512.000060442835
data/cropped_nifti/T_25540_ct.nii.gz	-1023.9999389648438	1350.9999536722898
data/cropped_nifti/T_26530_ct.nii.gz	-1023.9999389648438	1541.9999688863754
data/cropped_nifti/T_27435_ct.nii.gz	-1024.000015258789	1390.0000146962702
data/cropped_nifti/T_27477_ct.nii.gz	-1023.9999389648438	2230.999953467399
data/cropped_nifti/T_27730_ct.nii.gz	-1008.0	1263.9999994710088
data/cropped_nifti/T_27856_ct.nii.gz	0.0	69556.8828125
data/cropped_nifti/T_28330_ct.nii.gz	-1024.0	1967.0000145621598
data/cropped_nifti/T_28375_ct.nii.gz	-1024.0000305175781	1323.0000452287495
data/cropped_nifti/T_30295_ct.nii.gz	-1023.9999847412109	1376.9999994412065
data/cropped_nifti/T_30740_ct.nii.gz	-1024.0	1519.000014666468
data/cropped_nifti/T_33263_ct.nii.gz	-1023.9999847412109	1344.999999448657
data/cropped_nifti/T_33335_ct.nii.gz	-1024.0000457763672	1497.0000604465604
data/cropped_nifti/T_33372_ct.nii.gz	-1023.9999389648438	1478.9999536424875
data/cropped_nifti/T_34340_ct.nii.gz	-1024.0	1519.9999994076788
data/cropped_nifti/T_36284_ct.nii.gz	-1024.0	3071.0000143051147
data/cropped_nifti/T_37107_ct.nii.gz	-1023.9999847412109	1457.999984163791
data/cropped_nifti/T_37117_ct.nii.gz	-1024.0	3071.0000143051147
data/cropped_nifti/T_37239_ct.nii.gz	-1024.000015258789	1373.0000299587846
data/cropped_nifti/T_37295_ct.nii.gz	-1024.0000610351562	1561.0000451728702
data/cropped_nifti/T_37996_ct.nii.gz	-1024.0	1807.0000145994127
data/cropped_nifti/T_38929_ct.nii.gz	-1024.0	2112.999984011054
data/cropped_nifti/T_39001_ct.nii.gz	-1024.0	1439.9999994263053
data/cropped_nifti/T_40033_ct.nii.gz	-1024.0	3070.000029563904
data/cropped_nifti/T_40054_ct.nii.gz	-1024.0000305175781	1597.0000146478415
data/cropped_nifti/T_40131_ct.nii.gz	-1024.0000305175781	1597.0000146478415
data/cropped_nifti/T_40469_ct.nii.gz	-1024.0	3040.999983794987
data/cropped_nifti/T_41025_ct.nii.gz	-1023.9999389648438	1446.999953649938
data/cropped_nifti/T_41155_ct.nii.gz	-1023.9999389648438	2595.9999991580844
data/cropped_nifti/T_41186_ct.nii.gz	-1020.0000457763672	1342.0000452250242
data/cropped_nifti/T_41516_ct.nii.gz	-1024.0	3071.0
data/cropped_nifti/T_41785_ct.nii.gz	-1024.0	2493.0000449568033
data/cropped_nifti/T_42672_ct.nii.gz	-1023.9999389648438	2421.9999686814845
data/cropped_nifti/T_43186_ct.nii.gz	-1024.000015258789	1502.0000146701932
data/cropped_nifti/T_43412_ct.nii.gz	-1024.0	2958.000029589981
data/cropped_nifti/T_43954_ct.nii.gz	-1024.0000305175781	1693.0000146254897
data/cropped_nifti/T_44485_ct.nii.gz	-1024.0	1808.9999840818346
data/cropped_nifti/T_44829_ct.nii.gz	-1023.9999694824219	1571.9999688789248
data/cropped_nifti/T_45112_ct.nii.gz	-1024.0	1551.9999994002283
data/cropped_nifti/T_45686_ct.nii.gz	-1024.0	3071.0000143051147
data/cropped_nifti/T_45753_ct.nii.gz	-1023.9999694824219	1394.999984178692
data/cropped_nifti/T_46507_ct.nii.gz	-1024.000015258789	1166.0000147484243
data/cropped_nifti/T_48388_ct.nii.gz	-1024.0	2959.9999990724027
data/cropped_nifti/T_50183_ct.nii.gz	-1023.9999389648438	1654.9999536015093
data/cropped_nifti/T_51110_ct.nii.gz	-1023.9999542236328	1445.999953649938
data/cropped_nifti/T_52440_ct.nii.gz	-1024.0000610351562	2376.0000602416694
data/cropped_nifti/T_52986_ct.nii.gz	-1024.0	2126.000029783696
data/cropped_nifti/T_53582_ct.nii.gz	-1023.9999389648438	1685.9999688528478
data/cropped_nifti/T_53915_ct.nii.gz	-1024.0	1566.000029914081
data/cropped_nifti/T_54173_ct.nii.gz	-1024.0	1295.999999459833
data/cropped_nifti/T_55797_ct.nii.gz	-1023.9999389648438	2885.999968573451
data/cropped_nifti/T_55852_ct.nii.gz	-1023.9999923706055	1248.9999918416142
data/cropped_nifti/T_55935_ct.nii.gz	-1024.000015258789	1341.0000299662352
data/cropped_nifti/T_56253_ct.nii.gz	-1024.0000457763672	1498.0000451877713
data/cropped_nifti/T_56420_ct.nii.gz	-1024.0	1455.000014681369
data/cropped_nifti/T_56919_ct.nii.gz	-1023.9999389648438	3027.9999990575016
data/cropped_nifti/T_57485_ct.nii.gz	-1023.9999389648438	1574.9999536201358
data/cropped_nifti/T_59741_ct.nii.gz	-1024.0000305175781	1500.0000299289823
data/cropped_nifti/T_60216_ct.nii.gz	-1023.9999389648438	2118.999953493476
data/cropped_nifti/T_61040_ct.nii.gz	-1023.9999389648438	1782.999953571707
data/cropped_nifti/T_61097_ct.nii.gz	-1024.0	1630.00002989918
data/cropped_nifti/T_61428_ct.nii.gz	-1023.9999389648438	1462.9999536462128
data/cropped_nifti/T_61450_ct.nii.gz	-1023.9999694824219	1620.99995360896
data/cropped_nifti/T_61820_ct.nii.gz	-1023.9999694824219	1604.9999536126852
data/cropped_nifti/T_62099_ct.nii.gz	-1023.9999389648438	1750.9999535791576
data/cropped_nifti/T_62522_ct.nii.gz	-1023.9999847412109	1376.9999994412065
data/cropped_nifti/T_62629_ct.nii.gz	-1024.0000305175781	1770.0000603832304
data/cropped_nifti/T_63252_ct.nii.gz	-1023.9999694824219	1507.999968893826
data/cropped_nifti/T_63401_ct.nii.gz	-1024.0000457763672	1418.0000452063978
data/cropped_nifti/T_64664_ct.nii.gz	-1024.0	1632.9999841228127
data/cropped_nifti/T_65049_ct.nii.gz	-1024.0	3071.0000143051147
data/cropped_nifti/T_66651_ct.nii.gz	-1024.0000457763672	1401.0000604689121
data/cropped_nifti/T_67370_ct.nii.gz	-1024.0000305175781	1642.0000604130328
data/cropped_nifti/T_67652_ct.nii.gz	-1024.0000381469727	1227.0000376217067
data/cropped_nifti/T_68767_ct.nii.gz	-1024.0	1407.000014692545
data/cropped_nifti/T_69619_ct.nii.gz	-1024.0	2113.999968752265
data/cropped_nifti/T_69872_ct.nii.gz	-1024.0	3071.0000143051147
data/cropped_nifti/T_70029_ct.nii.gz	-1024.0000610351562	1769.0000451244414
data/cropped_nifti/T_70193_ct.nii.gz	-1024.0	1471.0000146776438
data/cropped_nifti/T_70311_ct.nii.gz	-1024.0000305175781	1962.000060338527
data/cropped_nifti/T_71212_ct.nii.gz	-1023.9999847412109	1504.9999994114041
data/cropped_nifti/T_71274_ct.nii.gz	-1024.0000305175781	1467.000045195222
data/cropped_nifti/T_71687_ct.nii.gz	-1023.0	2435.99995341897
data/cropped_nifti/T_72936_ct.nii.gz	-1024.0000305175781	1596.0000299066305
data/cropped_nifti/T_73122_ct.nii.gz	-1023.9999694824219	1988.9999535232782
data/cropped_nifti/T_73148_ct.nii.gz	-1023.9999694824219	1668.999953597784
data/cropped_nifti/T_73200_ct.nii.gz	-1023.9999389648438	1557.9999688826501
data/cropped_nifti/T_73383_ct.nii.gz	-1024.0	3071.0000143051147
data/cropped_nifti/T_73503_ct.nii.gz	-1024.0	3069.000044822693
data/cropped_nifti/T_73742_ct.nii.gz	-1024.0	3071.0000143051147
data/cropped_nifti/T_73964_ct.nii.gz	-1024.0	1695.0000146254897
data/cropped_nifti/T_75117_ct.nii.gz	-1024.0000305175781	1899.000045094639
data/cropped_nifti/T_75341_ct.nii.gz	-1024.0000305175781	1771.0000451244414
data/cropped_nifti/T_75877_ct.nii.gz	-1024.0000534057617	1241.0000528767705
data/cropped_nifti/T_77344_ct.nii.gz	-1024.0000305175781	1628.00002989918
data/cropped_nifti/T_77949_ct.nii.gz	-1024.0000305175781	1324.0000299699605
data/cropped_nifti/T_78057_ct.nii.gz	-1024.0	3071.0
data/cropped_nifti/T_78628_ct.nii.gz	-1024.0000610351562	3064.000060081482
data/cropped_nifti/T_78762_ct.nii.gz	-1024.0	1615.999999385327
data/cropped_nifti/T_78764_ct.nii.gz	-1016.9999542236328	1436.9999536536634
data/cropped_nifti/T_78867_ct.nii.gz	-1023.9999694824219	1571.9999688789248
data/cropped_nifti/T_78924_ct.nii.gz	-1023.9999694824219	1620.99995360896
data/cropped_nifti/T_79244_ct.nii.gz	-1024.0000076293945	1215.000007107854
data/cropped_nifti/T_79624_ct.nii.gz	-1024.0000610351562	1737.000045131892
data/cropped_nifti/T_81815_ct.nii.gz	-1024.0	1727.0000146180391
data/cropped_nifti/T_82179_ct.nii.gz	-1024.0	3071.0000143051147
data/cropped_nifti/T_82570_ct.nii.gz	-1024.0	2225.999968726188
data/cropped_nifti/T_82650_ct.nii.gz	-1024.0	3056.999983791262
data/cropped_nifti/T_83297_ct.nii.gz	-1020.0	2117.999968752265
data/cropped_nifti/T_83804_ct.nii.gz	-1024.0	3071.0000143051147
data/cropped_nifti/T_83848_ct.nii.gz	-1024.0000610351562	2315.0000144802034
data/cropped_nifti/T_83904_ct.nii.gz	-1024.0	1758.0000298693776
data/cropped_nifti/T_84574_ct.nii.gz	-1016.0000457763672	1106.0000452809036
data/cropped_nifti/T_85899_ct.nii.gz	-1023.9999847412109	1361.9999841861427
data/cropped_nifti/T_86015_ct.nii.gz	-1024.0	3070.000029563904
data/cropped_nifti/T_86271_ct.nii.gz	-1024.000015258789	1278.0000147223473
data/cropped_nifti/T_86404_ct.nii.gz	-1024.0000610351562	1561.0000451728702
data/cropped_nifti/T_86419_ct.nii.gz	-1024.000015258789	1437.0000299438834
data/cropped_nifti/T_86649_ct.nii.gz	-1024.0	3071.0000143051147
data/cropped_nifti/T_88000_ct.nii.gz	-1024.000015258789	1357.0000299625099
data/cropped_nifti/T_88112_ct.nii.gz	-1023.9999389648438	2982.9999532923102
data/cropped_nifti/T_88509_ct.nii.gz	-1024.0	3071.0
data/cropped_nifti/T_88700_ct.nii.gz	-1024.0	1679.000014629215
data/cropped_nifti/T_89795_ct.nii.gz	-1024.0000305175781	2044.0000298023224
data/cropped_nifti/T_90149_ct.nii.gz	-1024.0000305175781	1610.0000604204834
data/cropped_nifti/T_90251_ct.nii.gz	-1023.9999389648438	3061.999968532473
data/cropped_nifti/T_91579_ct.nii.gz	-1023.9999694824219	1572.9999536201358
data/cropped_nifti/T_93136_ct.nii.gz	-1023.9999389648438	1830.9999535605311
data/cropped_nifti/T_93181_ct.nii.gz	-1024.0	3071.0000143051147
data/cropped_nifti/T_94201_ct.nii.gz	-1023.9999389648438	1925.9999687969685
data/cropped_nifti/T_95726_ct.nii.gz	-1024.0000305175781	1900.00002983585
data/cropped_nifti/T_96039_ct.nii.gz	-1024.0000457763672	1370.0000452175736
data/cropped_nifti/T_96626_ct.nii.gz	-1023.9999694824219	1475.9999689012766
data/cropped_nifti/T_97180_ct.nii.gz	-1024.0	1792.9999840855598
data/cropped_nifti/T_97331_ct.nii.gz	-1024.0	1567.000014655292
data/cropped_nifti/T_97427_ct.nii.gz	-1024.0000610351562	2906.0000296011567
data/cropped_nifti/T_98633_ct.nii.gz	-1024.0	3071.0000143051147
data/cropped_nifti/T_98838_ct.nii.gz	-1023.9999847412109	1089.9999842494726
data/cropped_nifti/T_98976_ct.nii.gz	-1024.0	2706.99995335564
data/cropped_nifti/T_98987_ct.nii.gz	-1021.9999542236328	1303.9999536834657
data/cropped_nifti/T_99226_ct.nii.gz	-1024.0000610351562	2522.0000296905637
data/cropped_nifti/T_99352_ct.nii.gz	-1012.0	2381.9999686926603
data/cropped_nifti/T_99451_ct.nii.gz	-1024.0	2092.0000603087246
